,Month,mean_temp-MEAN,mean_temp-MEDIAN,mean_temp-VARIANCE,mean_temp-MIN,mean_temp-MAX,min_temp-MEAN,min_temp-MEDIAN,min_temp-VARIANCE,min_temp-MIN,min_temp-MAX,max_temp-MEAN,max_temp-MEDIAN,max_temp-VARIANCE,max_temp-MIN,max_temp-MAX,precip-MEAN,precip-MEDIAN,precip-VARIANCE,precip-MIN,precip-MAX
0,1-1950,42.04,43.4,363.84,-22.9,76.8,33.48,34.0,396.48,-36.0,72.3,53.16,55.4,380.07,-17.0,93.4,0.03,0.0,0.02,0.0,2.68
1,2-1950,43.75,45.4,247.43,-17.0,77.4,34.59,35.4,262.38,-29.9,72.0,55.43,58.3,287.56,-9.0,92.3,0.02,0.0,0.01,0.0,1.65
2,3-1950,46.83,47.8,218.98,-8.7,84.9,37.0,37.9,215.41,-27.0,73.0,59.07,61.0,268.7,1.4,104.4,0.03,0.0,0.02,0.0,2.09
3,4-1950,55.48,56.3,160.49,13.2,86.0,45.2,45.0,158.0,1.9,77.0,67.87,70.0,204.33,20.3,103.3,0.02,0.0,0.01,0.0,2.44
4,5-1950,65.76,66.8,116.03,26.3,88.8,55.64,55.9,131.58,18.0,79.0,77.69,80.1,128.4,30.4,105.4,0.02,0.0,0.02,0.0,4.53
5,6-1950,73.34,74.5,85.9,34.1,103.2,62.88,64.0,101.13,24.1,91.2,85.16,86.4,92.32,39.9,115.3,0.02,0.0,0.02,0.0,3.03
6,7-1950,75.1,75.7,48.06,48.6,102.1,65.73,66.9,63.75,37.9,91.2,86.37,86.4,56.45,57.0,114.3,0.05,0.0,0.05,0.0,3.82
7,8-1950,74.62,75.3,58.51,47.3,98.3,64.13,64.9,72.97,33.1,87.3,86.75,87.3,69.25,55.0,116.2,0.03,0.0,0.03,0.0,4.09
8,9-1950,68.54,69.1,89.28,32.0,102.0,59.4,60.1,107.17,23.4,91.2,79.79,80.4,104.86,35.1,117.3,0.03,0.0,0.07,0.0,9.76
9,10-1950,63.08,64.4,97.29,27.4,87.9,52.61,53.1,104.25,15.4,81.3,75.67,78.1,133.88,34.3,106.3,0.02,0.0,0.02,0.0,5.75
10,11-1950,48.01,48.3,196.06,-5.0,86.6,38.04,37.4,193.95,-11.0,80.1,60.6,62.1,250.89,5.0,100.0,0.02,0.0,0.02,0.0,2.91
11,12-1950,39.89,40.95,205.74,-12.8,79.5,30.92,31.65,206.88,-27.0,70.0,51.11,52.3,270.39,-2.9,93.0,0.02,0.0,0.02,0.0,2.6
12,1-1951,39.04,40.5,249.47,-27.2,76.0,30.02,30.9,245.44,-36.6,71.1,50.17,52.3,312.12,-17.0,89.1,0.02,0.0,0.01,0.0,1.14
13,2-1951,41.58,42.5,273.8,-19.6,76.9,32.4,33.4,283.87,-30.6,69.1,53.59,55.4,311.87,-6.0,92.3,0.03,0.0,0.02,0.0,2.99
14,3-1951,47.13,47.3,214.88,-21.9,79.0,37.9,37.0,217.22,-31.0,71.1,58.82,60.3,266.56,-11.9,93.4,0.03,0.0,0.01,0.0,1.89
15,4-1951,55.97,55.8,130.68,12.2,84.7,45.96,45.0,131.7,6.1,75.0,68.12,69.3,169.46,24.1,104.4,0.03,0.0,0.02,0.0,2.99
16,5-1951,65.96,66.7,96.06,35.8,97.0,55.08,55.0,100.18,26.1,82.9,78.4,79.3,114.02,41.0,113.4,0.02,0.0,0.02,0.0,3.7
17,6-1951,72.49,73.2,93.47,31.9,94.8,62.35,63.0,101.1,26.1,84.4,83.94,85.3,109.79,37.9,110.3,0.03,0.0,0.03,0.0,2.32
18,7-1951,77.75,78.7,64.21,49.1,101.0,67.52,69.3,71.13,39.9,89.1,89.42,90.3,76.5,52.0,113.4,0.03,0.0,0.03,0.0,2.76
19,8-1951,76.72,77.7,84.72,49.6,99.2,66.47,67.3,87.8,37.0,87.3,88.55,90.0,101.44,51.1,112.3,0.02,0.0,0.02,0.0,2.87
20,9-1951,69.94,70.5,104.96,32.6,94.2,59.79,60.1,122.56,23.4,84.4,82.17,82.9,121.63,43.0,108.0,0.03,0.0,0.03,0.0,3.82
21,10-1951,61.02,61.8,137.81,16.4,88.1,51.4,51.3,143.3,7.0,80.2,72.77,74.3,164.68,23.0,105.1,0.02,0.0,0.02,0.0,2.64
22,11-1951,45.54,45.1,181.86,-0.5,79.4,36.87,36.0,186.72,-11.0,75.0,56.54,57.4,223.55,13.3,95.4,0.03,0.0,0.02,0.0,3.03
23,12-1951,40.94,41.9,296.74,-16.9,80.9,32.53,33.1,316.6,-27.9,74.3,51.24,53.1,330.31,-11.0,95.4,0.03,0.0,0.01,0.0,2.17
24,1-1952,41.83,42.1,286.6,-22.3,77.3,33.54,33.4,304.36,-31.0,72.0,52.23,53.1,317.6,-13.0,88.3,0.02,0.0,0.01,0.0,2.13
25,2-1952,43.39,44.0,179.78,-3.2,77.3,34.88,34.3,189.31,-18.6,71.2,53.91,55.4,224.36,9.0,93.4,0.02,0.0,0.01,0.0,2.28
26,3-1952,46.38,46.6,185.16,-8.6,82.4,37.64,37.0,178.56,-20.9,73.0,57.22,58.3,237.29,6.1,104.4,0.03,0.0,0.02,0.0,2.13
27,4-1952,57.05,58.1,106.39,22.4,83.0,46.8,47.3,105.32,12.0,73.4,69.03,71.1,139.93,30.9,98.2,0.02,0.0,0.02,0.0,2.6
28,5-1952,65.8,66.7,98.72,36.4,91.6,55.18,55.4,98.17,27.0,88.3,77.85,80.1,127.34,41.0,105.3,0.03,0.0,0.02,0.0,3.07
29,6-1952,75.51,78.1,93.88,43.5,98.1,65.05,66.9,99.19,28.0,88.3,87.2,89.4,104.3,53.4,114.3,0.02,0.0,0.02,0.0,3.46
30,7-1952,78.31,79.6,52.06,49.7,101.0,67.65,70.0,66.85,37.9,91.2,90.38,91.2,58.28,57.0,115.3,0.03,0.0,0.03,0.0,5.87
31,8-1952,77.38,78.3,68.3,45.5,99.6,67.14,69.1,80.1,36.0,87.3,89.28,90.0,82.12,54.0,113.4,0.03,0.0,0.03,0.0,3.11
32,9-1952,70.91,72.2,78.59,42.1,99.4,59.9,60.3,95.24,28.0,87.3,83.44,84.9,93.11,50.0,113.4,0.02,0.0,0.02,0.0,4.33
33,10-1952,58.34,58.7,114.49,22.9,88.2,46.36,46.0,122.65,12.4,84.9,72.44,73.9,148.11,30.4,104.4,0.01,0.0,0.01,0.0,6.38
34,11-1952,48.0,48.1,173.06,1.4,80.3,39.12,39.0,177.49,-12.6,75.0,58.65,59.4,213.7,10.4,91.0,0.02,0.0,0.02,0.0,3.39
35,12-1952,41.21,41.4,135.23,-5.3,77.8,33.71,33.4,142.12,-16.1,69.3,50.52,51.1,171.19,6.4,86.4,0.02,0.0,0.02,0.0,3.15
36,1-1953,43.9,45.1,184.5,-10.3,74.7,35.14,35.4,183.34,-22.7,68.4,54.98,57.0,239.52,-0.9,90.3,0.03,0.0,0.02,0.0,1.81
37,2-1953,43.36,44.2,174.31,-15.1,76.8,34.26,35.1,184.47,-24.0,72.0,54.67,55.9,210.86,-2.6,90.3,0.02,0.0,0.01,0.0,2.24
38,3-1953,51.45,52.3,200.77,0.3,82.6,42.39,42.1,207.35,-16.6,74.3,62.63,64.9,233.34,12.4,98.2,0.03,0.0,0.02,0.0,2.2
39,4-1953,56.27,56.8,144.34,18.0,87.7,46.55,46.0,143.76,3.9,77.4,67.98,70.0,180.68,23.0,102.4,0.03,0.0,0.02,0.0,3.39
40,5-1953,66.28,66.2,145.01,23.0,96.4,56.26,55.4,153.18,16.3,90.3,77.79,79.0,156.91,30.4,107.1,0.03,0.0,0.02,0.0,2.05
41,6-1953,75.86,78.3,109.12,45.1,98.2,65.05,67.3,114.83,30.9,90.3,87.68,90.0,120.45,51.3,115.3,0.02,0.0,0.02,0.0,2.99
42,7-1953,78.11,79.0,55.75,54.4,102.0,67.93,69.4,71.55,38.3,92.3,89.74,90.3,63.81,64.0,115.3,0.03,0.0,0.03,0.0,3.54
43,8-1953,76.28,77.2,58.46,51.1,99.5,66.05,66.9,70.78,39.0,88.3,88.08,89.1,71.26,57.0,114.3,0.03,0.0,0.03,0.0,3.98
44,9-1953,71.5,73.1,84.12,40.3,94.5,59.77,60.3,99.04,27.0,85.3,84.55,86.0,105.05,50.4,109.2,0.02,0.0,0.03,0.0,5.39
45,10-1953,61.87,62.0,101.71,30.3,89.7,51.11,50.4,120.03,19.0,84.4,74.39,75.4,118.5,35.1,104.4,0.02,0.0,0.01,0.0,2.64
46,11-1953,50.33,50.9,110.58,10.3,78.8,41.09,40.3,118.99,1.4,74.3,61.83,64.0,149.01,21.4,92.3,0.02,0.0,0.02,0.0,2.91
47,12-1953,41.38,41.6,159.25,-16.2,76.5,32.9,33.1,182.62,-27.0,74.3,51.81,52.3,168.67,-0.9,91.2,0.03,0.0,0.02,0.0,3.07
48,1-1954,39.33,40.9,271.59,-26.7,76.8,30.49,32.0,283.36,-35.0,70.3,50.65,53.1,311.02,-17.0,90.3,0.02,0.0,0.01,0.0,2.17
49,2-1954,47.39,48.3,173.01,-11.8,79.7,37.32,37.4,168.86,-22.0,71.1,60.01,62.4,231.02,-3.6,96.3,0.02,0.0,0.02,0.0,5.08
50,3-1954,47.14,46.8,212.55,2.1,84.7,37.75,36.3,216.15,-14.6,77.0,59.0,59.0,253.69,8.1,104.4,0.02,0.0,0.01,0.0,1.61
51,4-1954,60.88,63.0,161.19,2.2,87.1,50.73,52.0,177.44,-5.1,81.3,73.2,77.0,173.7,12.0,103.3,0.03,0.0,0.02,0.0,3.86
52,5-1954,63.91,64.6,113.59,21.1,88.4,53.88,54.0,118.24,14.0,83.3,75.43,77.4,137.81,25.0,104.4,0.03,0.0,0.02,0.0,2.28
53,6-1954,74.67,77.2,96.1,39.8,100.1,64.23,66.0,100.07,25.3,89.2,86.33,89.1,111.33,50.4,114.3,0.02,0.0,0.02,0.0,3.46
54,7-1954,79.31,80.9,73.88,51.9,100.4,68.55,70.3,76.67,41.4,90.3,91.36,93.0,90.52,57.0,117.3,0.02,0.0,0.02,0.0,3.46
55,8-1954,77.04,78.5,81.16,52.7,99.1,67.06,68.4,86.54,37.0,98.2,88.81,90.3,95.5,59.0,111.2,0.03,0.0,0.03,0.0,3.03
56,9-1954,72.53,74.5,101.89,33.9,95.2,62.01,63.0,107.71,28.0,91.9,84.68,87.3,125.0,37.0,109.2,0.02,0.0,0.03,0.0,8.03
57,10-1954,61.57,61.7,156.04,24.1,89.5,51.98,51.1,176.57,17.1,83.3,73.27,75.0,173.22,28.4,104.4,0.02,0.0,0.02,0.0,4.29
58,11-1954,50.12,50.7,102.48,11.4,76.2,40.77,39.9,106.15,5.0,72.3,61.52,63.0,147.34,19.9,91.9,0.02,0.0,0.01,0.0,1.97
59,12-1954,41.63,41.2,164.89,2.2,75.5,33.08,32.4,163.6,-11.0,70.3,52.31,53.1,218.65,9.0,91.0,0.02,0.0,0.01,0.0,2.13
60,1-1955,38.37,38.9,200.03,-15.9,74.6,30.66,30.9,212.22,-26.0,71.2,47.86,48.4,229.89,-3.6,84.4,0.02,0.0,0.01,0.0,1.42
61,2-1955,40.93,41.0,247.7,-23.5,78.0,32.02,32.4,268.41,-41.1,70.0,52.06,53.4,268.98,-7.6,90.3,0.02,0.0,0.02,0.0,2.6
62,3-1955,49.26,49.7,256.02,-8.2,81.8,39.52,38.3,262.59,-20.6,76.3,61.48,64.0,293.21,-0.9,97.3,0.02,0.0,0.01,0.0,1.57
63,4-1955,59.98,60.2,138.45,20.7,87.5,49.87,49.3,148.12,8.4,78.3,71.83,73.4,158.12,26.4,101.3,0.02,0.0,0.02,0.0,4.49
64,5-1955,67.61,69.2,103.58,34.5,92.1,57.34,57.9,119.01,23.0,86.4,79.36,81.3,109.69,37.9,104.4,0.02,0.0,0.02,0.0,3.58
65,6-1955,71.95,73.1,79.11,42.2,106.7,61.66,62.1,77.32,30.9,98.2,83.45,84.9,97.31,48.4,114.3,0.02,0.0,0.02,0.0,3.58
66,7-1955,78.27,79.6,50.91,47.8,97.2,68.65,71.1,63.26,35.4,88.3,89.51,90.3,55.58,55.9,112.3,0.03,0.0,0.03,0.0,2.99
67,8-1955,77.89,79.5,47.2,49.9,92.8,68.09,70.3,63.99,37.9,85.3,89.27,90.3,55.65,55.0,108.3,0.03,0.0,0.06,0.0,6.93
68,9-1955,71.68,74.2,95.64,35.0,95.5,61.79,63.3,115.23,27.0,85.3,83.11,85.3,112.92,39.0,113.4,0.02,0.0,0.02,0.0,4.8
69,10-1955,60.96,61.0,104.19,27.6,87.2,50.54,49.3,125.83,12.9,82.4,73.36,74.3,121.75,35.1,105.1,0.03,0.0,0.04,0.0,4.53
70,11-1955,47.53,47.9,213.72,-14.9,82.3,38.42,37.9,215.93,-18.9,77.4,58.87,60.3,256.93,-8.0,91.2,0.02,0.0,0.02,0.0,2.24
71,12-1955,40.01,40.5,230.96,-20.4,76.5,31.89,32.0,235.1,-29.9,72.3,50.35,51.3,278.81,-8.0,91.2,0.02,0.0,0.01,0.0,1.93
72,1-1956,38.76,39.3,183.9,-15.0,78.1,30.72,30.9,183.4,-23.6,70.0,48.89,49.3,241.88,-8.0,89.2,0.02,0.0,0.01,0.0,2.09
73,2-1956,42.07,41.9,258.05,-16.8,80.0,33.73,33.4,270.04,-26.0,72.3,52.5,53.4,293.03,-6.0,95.4,0.02,0.0,0.01,0.0,3.27
74,3-1956,48.23,49.4,218.92,-7.3,82.7,38.07,37.9,214.99,-17.0,74.3,60.67,63.3,276.73,0.0,99.3,0.02,0.0,0.02,0.0,2.95
75,4-1956,56.1,56.3,148.24,22.2,85.3,46.12,45.0,153.36,12.0,80.1,68.04,70.0,173.75,27.0,99.3,0.02,0.0,0.01,0.0,2.13
76,5-1956,67.15,69.5,132.67,30.6,93.6,56.94,57.9,139.5,21.9,88.0,78.96,82.4,146.4,36.0,108.0,0.03,0.0,0.02,0.0,2.52
77,6-1956,74.78,76.9,84.14,41.5,97.3,64.39,66.4,86.62,32.4,84.9,86.4,88.3,101.67,45.0,114.1,0.02,0.0,0.02,0.0,2.6
78,7-1956,77.15,78.5,62.54,52.4,98.2,67.33,69.1,64.36,39.9,87.1,88.51,90.0,79.48,57.4,117.0,0.03,0.0,0.04,0.0,4.33
79,8-1956,76.71,77.65,73.84,48.7,96.5,66.39,67.3,78.45,34.0,87.3,88.58,90.0,87.25,55.9,111.4,0.02,0.0,0.02,0.0,2.64
80,9-1956,70.37,72.2,104.52,36.5,92.0,59.31,60.1,110.62,25.0,84.9,82.83,85.3,130.79,45.0,109.0,0.02,0.0,0.03,0.0,8.39
81,10-1956,62.32,63.0,102.48,24.9,87.9,52.47,53.1,120.71,15.1,81.0,73.92,75.4,118.76,36.0,103.3,0.02,0.0,0.02,0.0,3.19
82,11-1956,47.97,48.3,169.01,2.0,80.6,38.62,37.9,177.53,-9.6,75.0,59.75,61.3,203.24,10.4,96.1,0.01,0.0,0.01,0.0,4.21
83,12-1956,44.34,44.4,204.44,-14.7,76.7,35.75,35.1,216.4,-19.7,74.3,55.24,56.3,245.91,-11.0,86.0,0.02,0.0,0.01,0.0,2.6
84,1-1957,36.93,37.1,345.61,-26.3,78.0,29.17,30.0,373.67,-36.0,73.4,46.85,46.9,370.27,-14.6,91.2,0.02,0.0,0.01,0.0,2.99
85,2-1957,46.08,46.4,233.36,-11.2,77.9,38.29,37.9,251.38,-20.0,74.3,56.15,57.0,260.6,-5.1,93.4,0.02,0.0,0.01,0.0,2.05
86,3-1957,48.14,48.3,151.1,0.6,79.8,39.76,39.4,154.06,-11.6,75.4,58.73,60.1,183.59,12.0,92.3,0.03,0.0,0.02,0.0,2.01
87,4-1957,57.37,59.0,165.45,16.8,83.8,48.5,48.9,171.66,1.9,79.0,68.46,71.1,183.55,25.0,99.3,0.03,0.0,0.02,0.0,2.28
88,5-1957,65.39,66.1,100.93,31.6,88.8,56.42,55.9,116.31,22.5,81.0,76.17,78.1,109.48,36.0,102.4,0.04,0.0,0.03,0.0,2.76
89,6-1957,74.05,75.5,75.16,44.2,101.2,64.68,66.0,85.98,31.3,88.0,85.15,86.4,83.95,49.3,117.0,0.04,0.0,0.04,0.0,3.43
90,7-1957,78.28,79.3,58.53,53.6,100.4,68.05,70.0,65.94,40.3,88.3,89.82,90.3,68.18,61.3,115.0,0.03,0.0,0.03,0.0,4.65
91,8-1957,76.07,77.4,65.75,50.5,96.7,66.05,66.9,78.52,34.0,86.0,87.63,89.1,74.88,57.4,114.1,0.02,0.0,0.03,0.0,3.9
92,9-1957,69.76,70.0,85.91,33.4,94.7,60.22,61.0,113.77,23.4,89.1,81.23,81.3,93.49,46.0,108.0,0.03,0.0,0.03,0.0,3.74
93,10-1957,57.8,58.2,110.03,14.7,84.3,49.41,50.0,124.63,12.0,80.1,68.04,68.4,121.31,23.0,100.2,0.02,0.0,0.02,0.0,3.15
94,11-1957,48.61,48.4,150.4,5.1,79.0,41.06,40.3,166.16,-9.9,76.3,58.24,58.3,162.65,18.3,89.2,0.03,0.0,0.02,0.0,2.28
95,12-1957,44.13,44.35,146.19,-8.2,75.5,35.71,35.1,163.13,-15.7,71.2,54.84,56.3,168.53,0.0,84.4,0.03,0.0,0.02,0.0,2.52
96,1-1958,38.17,38.7,144.08,-7.3,74.2,30.48,31.3,152.84,-15.7,69.3,48.04,48.9,173.26,3.0,82.4,0.03,0.0,0.02,0.0,2.64
97,2-1958,37.93,39.2,256.11,-13.2,76.4,30.13,31.3,260.86,-23.6,70.3,47.93,49.3,297.91,-2.0,87.3,0.03,0.0,0.02,0.0,3.5
98,3-1958,45.07,44.2,121.07,7.0,77.4,37.99,37.0,119.21,-7.1,71.2,54.32,54.3,153.86,15.1,90.3,0.03,0.0,0.02,0.0,2.28
99,4-1958,57.08,57.6,123.04,20.6,86.8,47.76,47.3,128.57,10.4,79.0,68.48,69.4,148.78,30.0,109.2,0.03,0.0,0.03,0.0,4.09
100,5-1958,66.79,68.1,98.25,31.8,95.6,56.65,57.4,108.18,17.4,82.0,78.32,80.1,114.09,41.4,111.0,0.02,0.0,0.02,0.0,2.36
101,6-1958,72.89,74.1,91.28,41.7,98.1,63.14,64.0,101.96,29.3,86.4,84.14,86.0,102.27,48.4,111.9,0.03,0.0,0.04,0.0,4.21
102,7-1958,76.97,78.0,55.83,50.5,101.6,67.69,69.1,62.97,37.9,89.1,87.94,89.1,67.75,57.4,118.0,0.04,0.0,0.03,0.0,3.82
103,8-1958,76.76,78.0,53.39,49.6,96.0,66.9,68.0,62.98,36.3,87.3,88.21,89.1,66.85,55.9,109.9,0.03,0.0,0.04,0.0,4.69
104,9-1958,70.48,71.9,86.06,37.2,95.8,61.43,62.4,109.75,20.3,87.3,81.5,82.9,93.73,47.3,108.3,0.03,0.0,0.03,0.0,3.58
105,10-1958,59.85,60.7,104.79,28.6,85.0,50.57,51.1,116.8,18.0,80.2,71.32,73.0,133.96,35.1,105.1,0.02,0.0,0.02,0.0,4.76
106,11-1958,50.82,51.7,174.14,-9.0,80.4,41.83,42.1,190.21,-16.6,77.0,62.17,64.4,197.45,1.9,89.1,0.03,0.0,0.02,0.0,2.36
107,12-1958,38.28,39.9,234.41,-16.4,82.0,29.61,30.4,241.01,-32.1,76.3,49.56,51.4,290.46,-4.0,93.4,0.02,0.0,0.01,0.0,2.2
108,1-1959,37.08,38.2,260.38,-15.2,75.5,28.42,29.3,271.22,-25.1,71.2,48.58,50.4,296.29,-8.0,84.9,0.03,0.0,0.02,0.0,2.01
109,2-1959,40.81,41.9,260.12,-12.6,77.7,32.59,34.0,293.82,-31.0,74.3,51.58,53.1,275.16,-6.0,93.4,0.03,0.0,0.02,0.0,1.89
110,3-1959,47.9,49.0,162.03,-2.2,78.6,37.98,37.9,166.46,-29.9,73.4,60.24,62.4,205.32,18.3,91.9,0.03,0.0,0.03,0.0,4.49
111,4-1959,57.65,58.7,132.77,11.2,84.1,47.73,47.3,136.64,-2.0,77.0,69.79,72.0,165.0,23.0,100.0,0.02,0.0,0.02,0.0,1.93
112,5-1959,67.24,70.0,105.51,33.6,87.7,57.59,59.4,121.61,24.1,80.1,78.74,81.3,110.7,39.9,104.4,0.03,0.0,0.03,0.0,3.98
113,6-1959,73.99,75.6,77.41,42.5,101.3,64.13,65.3,82.13,33.1,89.2,85.2,86.9,94.76,44.4,114.1,0.03,0.0,0.02,0.0,3.23
114,7-1959,76.95,77.6,41.14,54.1,100.4,67.27,69.1,54.3,39.0,90.0,88.3,88.3,52.52,59.0,115.0,0.04,0.0,0.04,0.0,4.45
115,8-1959,77.02,78.6,48.41,51.1,95.0,67.73,70.0,59.45,35.1,84.9,88.23,89.4,57.21,57.4,109.0,0.03,0.0,0.03,0.0,4.09
116,9-1959,70.64,73.0,99.59,29.5,95.8,61.34,63.3,117.52,23.0,84.4,81.89,84.4,110.85,35.1,108.0,0.03,0.0,0.03,0.0,3.86
117,10-1959,60.03,60.4,143.37,23.6,88.4,51.52,51.1,160.67,12.9,82.0,70.86,72.0,166.59,28.9,101.3,0.04,0.0,0.04,0.0,4.17
118,11-1959,46.19,46.7,200.75,-8.9,82.2,36.85,36.0,212.49,-17.0,78.3,58.31,60.3,226.81,3.0,92.3,0.03,0.0,0.02,0.0,3.43
119,12-1959,42.59,42.7,134.61,-1.2,75.7,34.87,34.3,140.41,-7.6,72.3,52.33,53.4,168.86,5.4,88.3,0.03,0.0,0.03,0.0,3.19
120,1-1960,37.63,37.4,217.34,-14.4,76.4,30.48,30.4,229.49,-24.7,71.2,46.97,46.4,246.1,-6.0,88.3,0.03,0.0,0.02,0.0,4.76
121,2-1960,38.67,39.0,185.05,-8.7,77.6,30.82,30.9,185.96,-20.0,73.4,48.77,49.3,227.09,1.9,97.3,0.04,0.0,0.03,0.0,2.72
122,3-1960,41.77,42.4,267.91,-10.9,78.0,33.08,33.4,255.92,-18.9,73.4,52.73,53.4,347.91,-6.0,96.3,0.03,0.0,0.03,0.0,5.63
123,4-1960,58.72,60.4,139.57,20.3,83.9,48.55,48.4,142.12,3.0,76.3,70.92,73.4,167.19,26.1,101.3,0.03,0.0,0.02,0.0,2.76
124,5-1960,64.72,64.8,101.21,31.5,90.4,54.34,54.3,105.24,19.9,80.1,76.51,77.4,124.52,33.1,109.9,0.03,0.0,0.02,0.0,3.27
125,6-1960,73.51,74.4,77.22,47.6,98.2,63.09,64.0,84.0,33.1,89.1,85.13,86.0,95.72,55.4,118.0,0.03,0.0,0.03,0.0,4.06
126,7-1960,76.57,77.1,55.36,52.2,99.0,66.47,67.3,65.81,39.0,88.0,87.96,88.3,72.58,57.0,115.3,0.04,0.0,0.07,0.0,7.28
127,8-1960,75.66,77.2,57.43,44.7,98.2,66.16,68.0,73.76,30.0,89.1,86.9,88.0,68.22,58.3,111.9,0.03,0.0,0.02,0.0,2.8
128,9-1960,70.73,71.9,82.64,39.7,92.9,60.99,62.1,95.37,28.9,87.1,82.24,84.0,98.26,46.0,108.0,0.03,0.0,0.05,0.0,4.33
129,10-1960,60.53,61.1,119.24,19.8,84.9,51.02,50.9,140.8,8.1,79.3,71.92,73.4,132.64,30.9,99.0,0.03,0.0,0.02,0.0,3.46
130,11-1960,50.09,50.0,133.1,-3.0,78.5,41.17,40.3,151.72,-13.9,75.4,61.19,62.1,150.24,3.9,91.2,0.02,0.0,0.02,0.0,3.15
131,12-1960,36.72,36.6,190.66,-18.5,75.4,28.55,28.9,204.35,-27.9,72.3,46.89,46.4,227.25,-2.9,82.9,0.02,0.0,0.02,0.0,3.5
132,1-1961,35.19,36.9,227.52,-22.6,73.3,26.46,28.0,246.36,-27.9,70.3,46.36,48.9,264.84,-16.1,87.3,0.02,0.0,0.01,0.0,2.99
133,2-1961,43.08,43.5,218.67,-19.3,77.9,34.44,35.1,230.63,-31.0,75.4,54.22,55.4,259.23,-6.0,87.3,0.03,0.0,0.03,0.0,2.13
134,3-1961,49.48,49.8,176.97,6.6,79.5,40.72,39.9,176.05,-11.0,75.4,60.57,62.1,219.35,12.9,95.4,0.04,0.0,0.03,0.0,2.6
135,4-1961,54.56,54.4,149.45,19.8,86.4,44.66,43.3,142.69,10.0,79.3,66.38,66.9,192.53,28.9,99.3,0.03,0.0,0.02,0.0,3.98
136,5-1961,63.78,64.0,110.05,31.4,87.2,53.64,53.4,119.22,19.9,79.0,75.39,77.0,127.07,39.0,102.4,0.03,0.0,0.02,0.0,2.72
137,6-1961,72.54,73.3,69.18,48.6,106.1,62.29,63.0,75.66,30.0,102.4,83.93,84.9,87.73,53.1,115.3,0.03,0.0,0.03,0.0,3.9
138,7-1961,76.22,77.3,50.48,51.9,99.8,66.49,68.0,58.11,35.1,95.4,87.25,88.0,62.97,61.0,115.3,0.03,0.0,0.03,0.0,2.76
139,8-1961,75.39,76.3,42.7,52.7,96.2,65.84,66.9,54.46,34.3,90.0,86.48,87.1,55.31,60.3,113.0,0.03,0.0,0.03,0.0,4.29
140,9-1961,69.68,71.7,104.01,33.2,90.3,60.18,62.1,132.53,23.0,85.3,81.14,84.0,99.52,41.0,103.3,0.03,0.0,0.04,0.0,4.72
141,10-1961,59.66,60.4,106.27,20.8,88.6,49.25,48.9,119.11,12.4,80.2,72.1,74.3,127.5,25.0,109.9,0.02,0.0,0.02,0.0,3.54
142,11-1961,48.04,47.4,164.45,5.9,82.3,39.94,38.3,173.34,0.0,78.1,58.09,58.3,188.14,19.0,90.3,0.03,0.0,0.02,0.0,2.8
143,12-1961,39.31,39.5,232.58,-16.0,79.0,31.59,32.0,247.02,-27.0,75.4,48.6,48.9,265.99,-6.0,88.3,0.03,0.0,0.02,0.0,2.2
144,1-1962,34.71,36.4,287.85,-23.2,78.2,26.05,28.0,294.48,-32.6,75.4,45.68,46.9,325.23,-11.9,88.3,0.03,0.0,0.02,0.0,4.02
145,2-1962,42.06,43.9,331.0,-23.5,78.8,33.44,35.1,335.96,-33.0,75.4,52.91,55.4,393.61,-11.9,96.3,0.03,0.0,0.03,0.0,4.21
146,3-1962,45.07,45.4,189.12,-20.5,78.2,36.1,36.0,186.71,-34.1,73.4,56.02,57.0,230.58,-4.9,92.3,0.02,0.0,0.02,0.0,4.61
147,4-1962,56.8,57.7,144.2,20.1,85.2,46.33,46.4,145.52,2.3,79.3,69.01,70.3,184.0,27.0,100.9,0.02,0.0,0.01,0.0,2.24
148,5-1962,67.61,70.0,121.14,33.1,94.4,56.92,57.9,119.59,23.0,89.2,79.29,82.9,140.87,39.0,102.4,0.02,0.0,0.02,0.0,3.15
149,6-1962,72.0,73.7,69.6,42.0,95.9,61.91,63.0,82.69,26.1,87.3,83.2,84.4,80.23,50.4,109.9,0.04,0.0,0.04,0.0,4.13
150,7-1962,75.41,76.6,67.33,50.8,100.3,65.27,66.4,81.04,33.1,95.4,86.81,88.0,78.76,55.4,108.3,0.03,0.0,0.03,0.0,2.83
151,8-1962,75.84,76.9,69.7,49.8,98.7,65.08,66.0,78.05,32.0,92.3,87.77,88.9,86.45,57.4,111.0,0.03,0.0,0.04,0.0,4.61
152,9-1962,68.44,68.5,99.3,37.9,100.5,58.92,59.0,125.89,23.0,96.3,79.63,81.0,111.9,46.0,106.3,0.03,0.0,0.03,0.0,6.02
153,10-1962,61.0,61.1,133.27,24.7,87.9,51.58,51.3,152.99,14.4,86.4,72.3,73.0,147.43,30.4,97.3,0.03,0.0,0.03,0.0,5.79
154,11-1962,48.24,48.4,106.26,16.0,81.8,39.76,39.4,113.24,3.9,77.4,58.56,59.0,142.73,24.1,91.2,0.03,0.0,0.03,0.0,4.09
155,12-1962,38.62,40.0,215.46,-10.5,75.0,30.38,30.9,236.0,-24.7,72.3,49.1,51.1,247.01,-3.6,84.4,0.02,0.0,0.02,0.0,3.11
156,1-1963,32.27,33.7,302.62,-22.9,74.2,23.5,25.3,326.76,-31.7,69.3,43.72,45.0,325.34,-13.9,89.2,0.02,0.0,0.02,0.0,2.68
157,2-1963,38.38,40.0,260.79,-16.4,79.5,28.73,30.4,272.59,-27.0,74.3,50.56,52.3,305.37,-4.5,92.3,0.03,0.0,0.02,0.0,4.45
158,3-1963,49.89,51.0,193.87,1.6,81.3,39.9,39.4,200.94,-15.0,80.1,61.81,64.0,232.75,12.4,94.3,0.03,0.0,0.02,0.0,2.44
159,4-1963,58.25,57.8,153.32,21.3,87.6,48.11,46.9,165.76,8.1,83.3,69.92,70.9,169.17,24.1,106.3,0.02,0.0,0.02,0.0,2.56
160,5-1963,65.52,65.9,112.03,32.8,89.7,55.1,55.4,126.42,21.9,82.4,77.24,78.4,119.36,37.4,102.9,0.02,0.0,0.01,0.0,2.24
161,6-1963,72.85,74.2,79.88,41.4,96.0,62.63,64.0,87.79,27.3,91.0,84.12,85.3,90.15,46.4,105.4,0.03,0.0,0.04,0.0,5.2
162,7-1963,76.74,77.8,60.81,51.6,98.6,66.47,68.0,72.61,36.0,95.4,88.01,88.9,71.76,59.0,109.9,0.03,0.0,0.04,0.0,3.58
163,8-1963,75.25,76.3,69.99,48.1,93.7,65.25,66.0,81.28,33.1,90.3,86.53,88.0,81.34,50.4,108.3,0.03,0.0,0.02,0.0,2.01
164,9-1963,69.57,70.0,88.94,37.0,91.7,59.54,60.1,107.66,25.3,86.0,81.3,82.0,101.74,45.3,109.0,0.03,0.0,0.04,0.0,6.85
165,10-1963,63.63,64.7,82.28,32.8,84.3,52.18,53.1,94.63,14.4,79.3,76.73,78.3,98.7,34.3,100.9,0.01,0.0,0.01,0.0,2.09
166,11-1963,50.4,49.9,115.85,-1.0,80.0,41.51,41.0,133.77,-8.0,73.9,61.02,61.0,133.1,7.0,93.4,0.04,0.0,0.05,0.0,5.91
167,12-1963,33.81,35.5,221.77,-22.5,75.6,25.69,27.3,221.3,-33.0,71.1,43.68,44.4,278.33,-15.0,85.3,0.02,0.0,0.01,0.0,1.81
168,1-1964,38.36,39.3,184.6,-15.9,74.6,29.27,30.0,207.37,-25.1,70.3,49.39,50.0,206.94,-8.0,85.3,0.03,0.0,0.03,0.0,4.29
169,2-1964,37.96,38.7,143.92,-6.2,75.7,28.79,29.3,164.5,-18.9,71.2,48.85,50.0,168.06,7.0,84.4,0.03,0.0,0.02,0.0,3.27
170,3-1964,46.47,46.9,185.99,-13.9,79.5,36.77,36.3,192.07,-24.0,74.3,58.39,61.0,215.43,-2.0,96.3,0.03,0.0,0.03,0.0,3.43
171,4-1964,57.03,57.5,155.33,14.6,86.6,47.17,46.0,172.32,-4.5,80.2,68.67,70.3,170.1,22.5,100.2,0.03,0.0,0.02,0.0,2.64
172,5-1964,66.38,68.0,106.59,25.5,89.6,55.61,55.9,118.71,12.4,82.0,78.11,80.2,115.08,39.0,104.0,0.02,0.0,0.02,0.0,3.23
173,6-1964,72.55,74.65,99.16,41.0,94.2,62.07,63.0,107.38,25.0,86.4,83.93,86.0,107.18,50.0,111.4,0.03,0.0,0.03,0.0,3.11
174,7-1964,77.11,77.9,60.26,51.1,97.8,66.97,69.1,65.11,38.3,88.3,88.41,89.1,79.63,57.9,111.9,0.03,0.0,0.03,0.0,4.92
175,8-1964,74.36,75.6,84.69,48.0,97.9,64.54,66.0,99.47,33.1,89.2,85.76,87.1,99.39,50.0,111.9,0.03,0.0,0.04,0.0,5.83
176,9-1964,68.46,69.2,100.37,37.8,90.8,58.64,59.4,128.56,22.3,88.3,80.0,81.0,102.55,45.3,106.3,0.03,0.0,0.04,0.0,4.53
177,10-1964,57.96,58.3,97.69,30.6,84.5,47.09,46.9,120.84,17.4,79.3,70.7,72.0,116.71,33.1,102.4,0.02,0.0,0.02,0.0,3.27
178,11-1964,49.74,50.4,194.06,-13.0,80.5,40.79,41.0,205.71,-22.7,77.0,60.52,62.1,216.98,-2.9,91.2,0.03,0.0,0.03,0.0,3.43
179,12-1964,40.33,40.7,256.05,-24.8,77.1,32.46,32.4,276.4,-32.1,74.3,49.94,51.1,280.17,-20.0,89.2,0.03,0.0,0.03,0.0,5.67
180,1-1965,40.22,41.4,251.09,-22.3,74.3,31.64,32.0,260.82,-33.0,70.3,50.99,53.4,289.29,-13.0,88.3,0.02,0.0,0.01,0.0,1.97
181,2-1965,40.66,42.2,233.18,-13.4,75.8,31.71,32.4,253.4,-21.6,73.4,52.11,54.0,254.78,-8.0,86.4,0.02,0.0,0.02,0.0,3.03
182,3-1965,44.59,44.7,208.04,-5.5,81.6,36.05,35.1,217.29,-20.0,77.4,55.35,57.0,243.82,6.1,92.3,0.02,0.0,0.02,0.0,2.2
183,4-1965,58.74,59.4,156.47,18.4,86.1,49.31,48.9,154.35,1.9,77.4,69.91,72.3,184.12,28.9,100.2,0.02,0.0,0.01,0.0,1.89
184,5-1965,67.17,69.5,97.23,30.4,89.0,56.95,57.9,119.82,21.9,87.3,78.43,81.0,95.87,39.0,102.4,0.01,0.0,0.01,0.0,1.77
185,6-1965,71.82,73.8,74.59,44.7,90.9,62.24,64.0,91.96,30.0,85.3,82.45,84.4,76.93,51.1,106.3,0.03,0.0,0.04,0.0,4.96
186,7-1965,76.37,77.4,61.41,50.9,98.7,66.37,68.4,75.26,35.4,91.2,87.32,88.0,68.97,56.3,111.9,0.02,0.0,0.03,0.0,5.16
187,8-1965,75.39,77.2,62.08,43.8,97.6,65.78,68.0,73.03,30.4,89.2,86.5,88.0,71.5,49.3,109.9,0.02,0.0,0.02,0.0,3.07
188,9-1965,69.23,70.3,121.24,25.8,92.2,60.26,62.1,140.91,18.3,83.3,79.97,82.0,123.96,30.9,103.3,0.03,0.0,0.04,0.0,5.71
189,10-1965,60.17,60.3,100.86,26.2,89.3,49.73,49.3,125.88,12.4,79.3,72.3,73.0,117.06,30.4,102.4,0.01,0.0,0.02,0.0,3.5
190,11-1965,52.48,53.9,151.64,1.3,79.0,43.96,44.4,169.77,-6.0,73.4,62.52,64.9,173.04,6.1,96.3,0.02,0.0,0.01,0.0,1.85
191,12-1965,43.7,43.8,154.74,-12.6,77.0,35.85,35.1,171.22,-17.0,70.3,53.46,54.3,178.67,-2.9,84.4,0.02,0.0,0.01,0.0,2.13
192,1-1966,35.76,36.7,247.97,-28.9,76.1,28.12,28.9,265.65,-33.9,72.3,45.19,46.4,266.43,-24.0,81.3,0.03,0.0,0.02,0.0,1.77
193,2-1966,40.17,40.5,200.25,-26.9,76.5,31.93,32.0,227.18,-32.1,73.4,50.32,52.0,210.22,-20.9,83.3,0.03,0.0,0.03,0.0,3.19
194,3-1966,50.04,51.7,159.73,-0.3,77.7,40.17,40.3,167.08,-13.0,72.3,61.61,64.0,187.4,10.0,95.4,0.02,0.0,0.01,0.0,1.85
195,4-1966,57.12,58.3,142.52,14.1,82.7,47.25,46.9,159.34,1.0,76.3,68.51,70.9,170.57,22.1,98.1,0.02,0.0,0.01,0.0,2.32
196,5-1966,65.26,67.0,116.15,28.2,92.9,55.28,55.9,135.92,17.4,85.3,76.43,79.0,128.91,35.4,102.9,0.02,0.0,0.02,0.0,3.15
197,6-1966,72.69,74.7,75.38,36.6,99.5,62.23,63.3,86.32,28.0,90.3,83.8,85.3,85.21,46.0,109.9,0.02,0.0,0.02,0.0,4.06
198,7-1966,78.3,80.1,65.31,43.7,102.0,68.12,70.3,79.62,30.0,94.3,89.35,91.0,72.43,52.3,111.9,0.02,0.0,0.02,0.0,4.57
199,8-1966,75.02,76.0,61.51,44.1,97.2,65.68,66.4,75.38,34.0,89.2,85.71,86.4,74.53,52.0,111.9,0.02,0.0,0.03,0.0,4.92
200,9-1966,69.2,69.9,79.09,41.7,92.7,59.95,60.1,95.72,28.9,89.2,79.96,81.3,92.24,46.0,104.4,0.02,0.0,0.03,0.0,3.78
201,10-1966,59.32,59.6,110.02,24.9,86.8,48.86,48.0,141.2,14.0,81.3,71.55,73.0,117.25,34.3,98.2,0.01,0.0,0.02,0.0,3.54
202,11-1966,51.5,52.2,156.78,1.5,83.2,42.41,42.4,173.65,-7.1,73.9,62.45,64.0,173.88,5.0,99.0,0.02,0.0,0.02,0.0,4.33
203,12-1966,41.17,41.2,204.41,-13.8,76.2,33.14,33.1,212.71,-20.9,73.0,51.11,51.4,242.95,-9.0,87.3,0.02,0.0,0.02,0.0,2.28
204,1-1967,41.78,42.2,200.85,-20.0,78.0,33.02,32.4,217.37,-27.9,70.3,52.62,54.0,235.44,-14.1,85.3,0.02,0.0,0.02,0.0,2.87
205,2-1967,40.65,42.3,243.63,-23.1,75.5,31.25,32.4,257.82,-36.0,71.2,52.29,54.3,271.83,-18.0,84.9,0.02,0.0,0.02,0.0,2.13
206,3-1967,51.41,53.6,248.1,-8.3,84.2,41.65,42.1,248.92,-20.9,79.3,63.06,66.4,288.26,1.9,96.1,0.02,0.0,0.01,0.0,2.24
207,4-1967,59.08,60.15,179.64,14.1,89.9,49.73,49.3,188.81,3.9,83.3,70.05,73.0,190.91,24.1,100.2,0.02,0.0,0.02,0.0,3.82
208,5-1967,63.76,63.9,137.79,19.4,94.2,53.38,53.1,134.87,1.9,90.3,75.02,76.3,169.61,26.1,106.3,0.02,0.0,0.02,0.0,2.83
209,6-1967,72.67,74.1,81.18,42.4,94.7,63.09,64.0,85.32,32.4,85.3,83.12,84.4,91.22,48.2,109.4,0.03,0.0,0.03,0.0,3.15
210,7-1967,75.94,76.7,59.02,42.9,99.1,66.58,68.0,63.35,34.0,92.3,86.41,87.1,74.62,52.3,113.0,0.03,0.0,0.02,0.0,2.52
211,8-1967,75.03,75.8,56.42,46.8,98.6,65.34,66.4,65.35,33.1,90.3,85.74,86.0,76.08,51.3,112.3,0.02,0.0,0.03,0.0,3.66
212,9-1967,68.5,69.2,68.28,37.6,93.5,58.96,59.9,95.23,22.3,85.3,79.39,80.2,73.23,42.4,106.0,0.02,0.0,0.02,0.0,2.68
213,10-1967,60.27,61.4,106.57,23.6,88.6,49.9,50.0,116.7,15.1,78.3,72.13,74.3,132.83,28.9,98.1,0.02,0.0,0.02,0.0,5.31
214,11-1967,49.4,49.8,159.96,3.1,81.2,40.68,39.9,162.37,-4.9,75.4,59.61,61.0,204.65,10.9,91.2,0.02,0.0,0.01,0.0,1.42
215,12-1967,42.38,42.0,218.2,-27.1,78.3,34.68,34.0,229.02,-35.0,74.3,51.73,52.0,246.68,-18.0,86.4,0.03,0.0,0.03,0.0,3.58
216,1-1968,37.68,38.5,266.32,-27.0,74.2,29.74,30.9,289.92,-35.0,71.2,47.6,48.4,292.36,-16.1,88.3,0.02,0.0,0.01,0.0,2.2
217,2-1968,39.64,40.9,204.23,-10.1,72.5,30.83,31.3,213.9,-22.5,68.4,50.25,52.3,230.89,-0.9,89.2,0.01,0.0,0.01,0.0,1.61
218,3-1968,49.9,51.0,155.99,0.7,79.1,40.01,40.3,164.71,-15.5,77.4,61.51,63.3,180.18,14.0,89.2,0.02,0.0,0.02,0.0,3.19
219,4-1968,58.57,59.3,116.21,17.9,89.5,48.26,48.0,142.74,5.0,88.0,69.99,72.0,120.45,26.1,98.4,0.02,0.0,0.01,0.0,2.72
220,5-1968,64.65,65.0,98.93,34.4,90.6,54.88,54.3,118.74,19.0,83.3,75.33,76.3,110.16,39.0,105.1,0.02,0.0,0.02,0.0,2.76
221,6-1968,73.29,75.4,81.39,44.7,103.3,63.44,64.9,84.11,30.0,91.2,83.9,86.0,101.77,46.9,113.0,0.03,0.0,0.04,0.0,4.33
222,7-1968,76.6,78.0,52.03,43.5,97.6,66.95,69.1,63.2,35.1,90.3,87.15,88.3,61.45,51.3,111.4,0.02,0.0,0.04,0.0,5.31
223,8-1968,75.72,78.0,75.09,47.6,96.8,66.3,69.1,85.45,34.0,94.3,86.32,88.3,82.18,55.0,109.2,0.02,0.0,0.02,0.0,3.43
224,9-1968,69.88,70.4,66.5,34.3,98.1,59.64,59.9,87.98,21.0,85.3,81.3,82.9,77.47,39.0,110.3,0.02,0.0,0.02,0.0,2.87
225,10-1968,61.75,62.5,112.69,31.1,84.9,51.88,51.7,142.34,17.4,82.4,73.17,75.0,122.29,35.1,99.0,0.02,0.0,0.03,0.0,5.2
226,11-1968,49.27,49.2,132.32,8.2,79.1,40.98,39.9,131.15,-0.9,77.0,58.98,59.4,174.24,21.4,94.3,0.03,0.0,0.03,0.0,2.52
227,12-1968,40.03,40.6,208.62,-37.1,75.1,31.59,31.3,216.61,-44.0,72.0,50.11,52.0,239.43,-24.0,86.4,0.03,0.0,0.02,0.0,2.44
228,1-1969,40.04,41.2,271.61,-24.1,75.3,32.46,33.4,286.1,-35.0,72.0,49.57,51.1,304.03,-20.0,91.2,0.02,0.0,0.02,0.0,2.36
229,2-1969,41.94,42.2,166.75,-17.0,76.0,34.24,34.3,173.37,-24.0,72.3,51.08,52.0,203.71,-8.0,86.4,0.02,0.0,0.02,0.0,1.89
230,3-1969,44.89,45.6,171.9,-4.0,82.0,35.61,35.4,169.85,-14.1,76.3,55.6,56.3,215.16,6.1,94.3,0.02,0.0,0.02,0.0,2.6
231,4-1969,59.32,60.35,110.25,18.9,84.3,49.25,48.9,126.77,7.0,77.4,70.58,72.3,119.59,28.9,97.3,0.02,0.0,0.02,0.0,3.66
232,5-1969,66.49,67.9,92.88,34.8,95.3,56.21,57.0,101.6,24.1,85.3,77.44,79.0,107.77,40.3,109.0,0.02,0.0,0.03,0.0,3.66
233,6-1969,73.01,74.3,98.32,38.2,97.6,63.43,64.0,100.5,28.9,94.3,83.43,85.3,111.99,43.0,111.2,0.02,0.0,0.02,0.0,2.76
234,7-1969,78.52,80.1,71.43,41.7,101.4,68.91,71.1,75.3,34.3,93.4,88.92,90.3,87.2,50.4,116.1,0.03,0.0,0.03,0.0,3.23
235,8-1969,77.23,77.6,55.92,45.3,104.9,67.09,68.0,68.25,35.1,99.3,88.18,88.0,72.7,54.3,117.3,0.02,0.0,0.04,0.0,5.87
236,9-1969,70.71,71.7,74.76,39.4,99.1,61.42,62.4,92.47,30.4,88.3,81.26,82.4,87.69,46.9,110.3,0.02,0.0,0.03,0.0,4.69
237,10-1969,59.51,60.4,156.34,14.5,86.8,50.63,50.4,171.27,5.4,82.9,69.93,72.0,172.33,19.9,102.9,0.02,0.0,0.01,0.0,2.17
238,11-1969,49.36,49.2,137.29,8.9,79.4,40.09,39.9,152.12,0.0,77.0,60.43,61.3,161.75,17.1,92.3,0.02,0.0,0.02,0.0,5.24
239,12-1969,41.91,42.6,171.55,-5.0,76.3,33.95,33.4,167.7,-20.0,72.3,51.26,53.1,227.18,3.9,82.9,0.03,0.0,0.03,0.0,3.23
240,1-1970,35.56,37.3,288.75,-25.1,73.6,27.33,28.9,304.1,-34.1,69.3,45.46,47.3,326.53,-17.0,84.4,0.02,0.0,0.01,0.0,2.4
241,2-1970,42.78,44.5,191.57,-16.1,75.8,33.14,34.0,214.19,-27.0,70.3,54.45,57.4,213.61,-9.0,86.4,0.02,0.0,0.01,0.0,1.85
242,3-1970,47.29,47.9,176.58,-2.6,85.9,38.57,38.3,180.87,-16.1,83.3,57.64,59.4,214.44,6.1,92.3,0.03,0.0,0.02,0.0,2.28
243,4-1970,58.53,59.6,164.6,13.5,86.6,48.52,47.3,189.47,0.0,82.9,69.71,72.3,173.88,27.3,101.3,0.02,0.0,0.02,0.0,3.15
244,5-1970,67.34,69.7,97.95,32.6,100.3,56.51,57.4,107.22,21.0,90.3,78.71,81.3,110.13,37.9,112.3,0.02,0.0,0.02,0.0,2.28
245,6-1970,73.85,75.0,79.0,43.2,105.8,63.63,64.4,86.07,30.9,95.4,84.46,85.3,95.3,49.3,118.2,0.02,0.0,0.03,0.0,3.78
246,7-1970,78.13,79.1,54.11,50.7,105.4,67.99,69.3,60.45,41.0,93.4,89.05,90.0,67.0,54.0,117.3,0.02,0.0,0.02,0.0,3.11
247,8-1970,77.86,78.7,52.56,51.3,102.5,67.81,69.3,68.61,37.0,90.3,88.73,89.2,63.61,57.9,112.3,0.02,0.0,0.03,0.0,3.19
248,9-1970,71.74,74.1,108.65,30.8,99.8,62.14,64.0,134.02,19.9,86.4,82.84,86.0,114.45,35.4,110.3,0.02,0.0,0.02,0.0,3.39
249,10-1970,60.45,61.4,121.53,24.1,84.1,51.37,52.0,148.1,16.0,81.3,71.06,72.0,130.43,32.0,102.4,0.02,0.0,0.02,0.0,2.76
250,11-1970,49.57,50.3,135.46,-3.3,79.1,40.45,40.3,140.2,-14.1,74.3,60.34,62.1,175.76,9.0,90.3,0.02,0.0,0.01,0.0,2.24
251,12-1970,44.16,45.1,243.79,-18.0,76.9,35.63,36.0,247.99,-25.1,75.0,54.07,55.9,285.25,-8.0,89.2,0.02,0.0,0.02,0.0,2.28
252,1-1971,39.63,40.6,316.61,-28.9,76.8,31.18,32.0,322.67,-35.0,73.9,50.22,52.0,383.51,-22.0,93.4,0.03,0.0,0.01,0.0,1.89
253,2-1971,43.14,43.7,257.74,-10.7,77.0,34.37,34.0,261.91,-26.5,73.0,53.92,56.3,308.35,-4.5,89.2,0.06,0.0,0.05,0.0,2.38
254,3-1971,48.71,49.55,199.19,5.5,82.2,39.15,37.9,190.66,-8.7,75.4,60.05,62.1,265.9,14.0,100.9,0.05,0.0,0.05,0.0,5.43
255,4-1971,57.85,58.1,141.89,19.6,87.0,47.17,46.65,157.53,10.4,83.3,69.46,71.1,163.69,27.3,99.3,0.03,0.0,0.03,0.0,3.39
256,5-1971,65.37,65.6,95.29,38.9,92.6,55.38,55.0,113.76,27.0,83.3,75.97,77.4,108.37,46.0,108.3,0.05,0.0,0.04,0.0,2.99
257,6-1971,74.83,77.0,75.42,46.6,97.0,65.07,68.0,87.5,32.4,91.2,85.22,87.3,83.97,53.1,109.9,0.05,0.0,0.05,0.0,3.11
258,7-1971,76.83,77.9,59.01,52.3,100.2,67.41,70.0,70.47,37.9,88.0,87.04,88.0,70.1,57.0,113.0,0.07,0.0,0.06,0.0,2.68
259,8-1971,75.36,76.3,40.43,50.4,93.6,66.33,68.0,57.28,37.0,87.3,85.22,86.0,49.88,56.3,108.0,0.07,0.0,0.1,0.0,6.06
260,9-1971,71.7,74.3,91.91,36.6,93.4,63.17,66.0,112.11,25.0,82.4,81.45,84.0,98.34,42.1,114.1,0.05,0.0,0.06,0.0,4.88
261,10-1971,64.02,64.9,104.36,11.1,89.1,55.55,55.9,132.06,0.0,83.3,73.83,75.0,109.48,16.0,104.0,0.05,0.0,0.05,0.0,2.52
262,11-1971,51.2,51.5,159.26,-3.5,80.0,42.67,41.4,160.88,-15.0,77.0,61.11,63.0,198.27,8.1,90.0,0.04,0.0,0.03,0.0,2.32
263,12-1971,46.81,47.1,229.81,-7.9,79.6,39.74,39.9,247.46,-23.1,77.4,55.4,55.9,251.75,-5.1,85.3,0.07,0.0,0.07,0.0,5.12
264,1-1972,41.6,42.0,291.29,-24.8,77.2,33.29,33.1,313.31,-33.0,72.0,52.36,54.0,310.99,-18.9,89.1,0.05,0.0,0.04,0.0,2.73
265,2-1972,42.62,43.8,238.57,-5.1,73.8,33.79,34.0,240.05,-20.9,69.1,53.9,55.9,293.54,5.0,89.1,0.06,0.0,0.04,0.0,1.85
266,3-1972,51.79,53.9,202.44,-5.8,80.0,42.29,43.0,205.09,-20.0,73.9,63.25,66.0,251.98,3.9,95.0,0.05,0.0,0.04,0.0,2.24
267,4-1972,59.05,60.4,179.61,14.0,85.4,48.98,48.9,192.78,5.0,79.0,70.55,73.0,201.89,21.0,102.0,0.04,0.0,0.03,0.0,2.36
268,5-1972,66.4,67.5,80.11,37.5,89.2,56.57,57.9,90.77,21.4,78.1,76.7,78.1,92.57,43.0,102.0,0.07,0.0,0.06,0.0,3.74
269,6-1972,73.28,74.5,77.36,42.8,102.4,63.74,64.0,83.69,33.1,82.9,83.49,84.9,94.93,53.1,115.0,0.09,0.0,0.15,0.0,5.51
270,7-1972,76.74,78.3,60.16,45.5,106.2,67.47,69.1,64.04,37.0,89.1,86.73,88.0,71.1,55.9,116.1,0.06,0.0,0.05,0.0,3.54
271,8-1972,75.78,76.8,59.37,46.7,107.0,66.55,68.0,63.99,32.9,90.0,86.01,87.1,67.53,52.0,116.1,0.05,0.0,0.04,0.0,2.87
272,9-1972,70.75,72.0,107.79,32.1,96.2,61.89,64.0,125.04,25.2,84.9,80.99,82.9,106.81,38.8,105.1,0.06,0.0,0.07,0.0,7.28
273,10-1972,59.16,59.9,160.59,9.2,89.8,50.55,51.1,161.97,-5.1,80.1,69.34,70.0,180.87,23.0,102.9,0.05,0.0,0.08,0.0,6.56
274,11-1972,47.18,46.4,157.09,10.9,79.5,40.35,39.9,150.91,-7.1,77.9,55.46,55.0,199.99,18.0,88.0,0.09,0.0,0.1,0.0,3.35
275,12-1972,40.67,41.9,279.7,-25.8,78.8,33.35,34.0,286.14,-36.0,75.9,49.97,52.0,324.8,-17.0,87.1,0.07,0.0,0.05,0.0,2.83
276,1-1973,34.13,35.3,266.92,-26.5,79.0,26.43,28.0,282.75,-40.0,78.1,43.54,43.9,296.39,-16.6,98.6,0.15,0.0,0.29,0.0,11.81
277,2-1973,37.03,36.8,211.56,-17.2,79.0,28.81,30.0,232.74,-41.1,75.0,47.2,46.9,229.93,-8.0,84.9,0.19,0.0,0.36,0.0,10.63
278,3-1973,48.37,47.6,140.28,4.7,82.3,40.41,39.9,156.29,-12.1,77.0,58.14,57.9,160.47,10.4,95.0,0.23,0.0,0.57,0.0,13.78
279,4-1973,52.92,53.0,146.12,0.4,91.5,43.49,43.0,162.1,-15.2,83.8,63.7,64.9,165.92,4.1,104.0,0.23,0.0,0.68,0.0,14.17
280,5-1973,62.11,61.8,110.29,24.3,99.2,51.51,51.1,121.53,11.1,90.9,73.43,73.9,136.04,26.6,110.8,0.17,0.0,0.61,0.0,14.17
281,6-1973,71.79,73.1,83.86,7.4,106.3,60.63,61.9,104.24,6.1,97.9,83.24,84.9,95.68,8.1,122.9,0.12,0.0,0.14,0.0,18.03
282,7-1973,75.11,76.1,66.47,21.8,105.2,64.05,64.9,87.49,0.1,102.9,86.64,88.0,78.21,27.0,118.0,0.1,0.0,0.11,0.0,8.03
283,8-1973,74.41,75.7,64.41,16.9,101.2,63.4,64.9,84.52,0.1,92.8,86.05,87.8,76.37,27.0,115.0,0.08,0.0,0.1,0.0,14.61
284,9-1973,67.31,67.8,112.13,11.1,95.2,57.26,57.9,146.31,5.0,90.0,78.81,80.1,118.03,19.0,111.9,0.12,0.0,0.15,0.0,7.76
285,10-1973,59.15,59.5,119.09,8.7,88.8,48.43,47.8,148.95,5.0,84.9,71.56,72.9,131.87,10.9,104.0,0.08,0.0,0.09,0.0,7.2
286,11-1973,47.48,47.2,203.69,-7.5,82.9,38.74,37.9,203.08,-16.1,79.0,57.88,57.9,248.75,0.9,95.9,0.1,0.0,0.13,0.0,18.23
287,12-1973,38.02,37.9,228.04,-25.3,78.7,29.54,30.0,226.04,-35.0,75.9,48.35,48.2,275.91,-19.8,99.0,0.11,0.0,0.11,0.0,18.03
288,1-1974,36.09,37.4,393.55,-27.4,89.2,28.08,30.2,426.94,-40.0,75.9,45.9,46.9,416.62,-18.0,99.0,0.1,0.0,0.15,0.0,18.15
289,2-1974,37.99,38.5,249.38,-24.0,79.5,27.96,28.9,257.47,-32.8,75.9,49.91,50.9,295.47,-10.8,90.9,0.07,0.0,0.05,0.0,8.11
290,3-1974,47.55,47.4,238.75,-13.9,91.0,37.74,37.0,239.54,-29.9,80.1,59.26,60.1,275.32,-7.8,100.0,0.09,0.0,0.09,0.0,17.09
291,4-1974,55.23,55.6,150.61,6.5,87.9,43.86,43.0,162.04,-19.1,81.0,67.59,69.1,169.63,10.9,100.0,0.08,0.0,0.12,0.0,18.07
292,5-1974,63.12,63.2,138.24,10.8,99.9,52.31,52.0,157.36,1.4,93.0,74.39,75.0,154.83,15.1,111.9,0.11,0.0,0.11,0.0,8.54
293,6-1974,70.62,70.8,90.58,14.7,109.2,58.82,59.0,99.45,9.0,105.1,82.03,82.9,111.65,21.0,120.9,0.1,0.0,0.12,0.0,12.44
294,7-1974,75.86,76.8,68.67,7.0,106.2,64.3,64.9,81.13,6.3,104.0,87.35,89.1,82.72,7.2,118.0,0.08,0.0,0.1,0.0,13.11
295,8-1974,72.84,73.3,60.61,40.7,99.7,62.26,63.0,88.49,24.3,95.0,84.02,84.9,69.5,46.0,115.0,0.12,0.0,0.14,0.0,11.02
296,9-1974,65.23,65.1,106.67,19.8,103.8,54.52,55.0,145.7,10.9,90.0,77.0,77.0,116.34,28.4,111.9,0.1,0.0,0.12,0.0,10.12
297,10-1974,56.58,56.8,114.6,3.3,89.4,45.48,45.0,141.14,0.0,82.9,69.0,70.0,131.9,10.9,104.0,0.06,0.0,0.09,0.0,18.07
298,11-1974,46.36,45.6,156.12,-6.5,88.7,37.46,36.0,164.29,-12.8,77.0,56.72,55.9,186.74,1.2,95.0,0.07,0.0,0.07,0.0,10.47
299,12-1974,38.16,36.9,166.05,-14.3,88.7,29.99,30.0,189.53,-27.8,80.6,47.27,46.0,190.53,3.2,105.8,0.08,0.0,0.08,0.0,18.03
300,1-1975,36.9,36.6,261.4,-19.2,80.2,28.05,28.9,280.3,-32.1,75.9,47.09,46.0,295.46,-17.9,99.0,0.09,0.0,0.07,0.0,10.16
301,2-1975,37.19,36.7,275.02,-17.7,80.8,28.59,30.0,295.37,-35.0,77.0,47.13,46.0,310.18,-10.8,95.0,0.09,0.0,0.07,0.0,5.04
302,3-1975,42.53,41.8,227.75,-13.7,91.8,33.43,33.1,230.79,-23.1,88.0,52.97,52.0,272.97,-6.9,99.0,0.11,0.0,0.09,0.0,7.2
303,4-1975,50.68,50.0,192.98,-0.2,89.0,40.78,39.9,202.17,-20.9,87.1,61.31,61.0,225.49,4.1,106.0,0.08,0.0,0.08,0.0,11.18
304,5-1975,64.11,64.6,112.6,21.0,92.8,53.12,53.1,135.18,3.2,89.1,75.48,77.0,121.51,25.2,106.0,0.09,0.0,0.09,0.0,10.55
305,6-1975,70.48,72.0,91.21,27.0,100.0,59.89,60.1,108.49,22.1,91.9,81.28,82.9,102.58,35.1,111.9,0.1,0.0,0.1,0.0,7.17
306,7-1975,75.42,76.3,53.93,39.0,105.8,64.68,66.0,68.33,31.1,100.0,86.35,87.1,65.87,46.9,117.0,0.11,0.0,0.15,0.0,10.51
307,8-1975,73.96,75.3,70.47,3.9,101.8,63.37,64.9,91.93,1.2,91.9,85.26,87.1,80.36,11.1,116.1,0.1,0.0,0.11,0.0,12.68
308,9-1975,65.59,64.7,101.19,10.2,95.5,55.32,55.0,135.73,10.2,95.0,76.85,77.0,119.03,15.3,109.9,0.1,0.0,0.11,0.0,13.35
309,10-1975,58.38,58.5,124.69,1.4,89.7,48.17,48.0,149.84,0.1,89.1,69.86,71.1,148.14,2.1,104.0,0.07,0.0,0.08,0.0,6.02
310,11-1975,48.12,49.2,216.35,-13.4,84.3,38.87,37.9,232.36,-24.9,79.9,58.72,61.0,250.69,1.2,96.1,0.06,0.0,0.05,0.0,6.06
311,12-1975,38.31,38.1,208.96,-23.1,81.5,29.99,30.2,219.06,-32.1,75.0,48.11,48.0,250.86,-11.7,99.0,0.06,0.0,0.05,0.0,5.63
312,1-1976,33.8,34.2,269.22,-24.5,87.7,24.43,25.2,278.73,-44.0,84.9,44.62,44.1,313.08,-18.0,96.1,0.06,0.0,0.05,0.0,5.71
313,2-1976,43.03,43.6,234.86,-17.6,86.4,33.18,34.0,244.08,-38.0,77.0,54.44,55.9,273.99,-7.1,91.9,0.05,0.0,0.04,0.0,5.08
314,3-1976,46.58,46.8,233.91,-14.7,85.2,36.89,37.0,251.2,-26.9,80.1,57.78,59.0,263.93,-5.8,100.9,0.07,0.0,0.05,0.0,5.16
315,4-1976,55.28,54.6,138.01,-7.4,89.7,44.2,43.0,149.92,-17.0,84.9,67.29,68.0,161.4,-2.7,100.0,0.06,0.0,0.05,0.0,8.15
316,5-1976,61.61,61.7,95.11,1.3,94.0,50.52,50.0,121.43,0.1,82.9,73.41,73.9,109.29,2.1,107.1,0.09,0.0,0.1,0.0,10.35
317,6-1976,70.48,71.9,91.01,0.5,102.4,59.35,60.1,111.7,0.1,90.0,81.86,83.8,106.7,1.0,116.1,0.08,0.0,0.08,0.0,8.07
318,7-1976,74.28,74.9,66.16,1.3,103.1,63.48,64.0,83.03,0.1,98.1,85.5,86.9,86.02,2.1,114.1,0.08,0.0,0.09,0.0,11.1
319,8-1976,72.6,73.25,70.54,1.6,102.5,61.64,62.1,90.86,-10.8,91.0,84.13,84.9,90.23,2.1,114.1,0.07,0.0,0.07,0.0,12.01
320,9-1976,66.57,67.1,88.6,2.1,97.7,56.04,55.9,126.81,1.0,84.9,78.44,79.9,102.2,4.1,111.9,0.08,0.0,0.08,0.0,11.69
321,10-1976,53.74,53.9,148.3,1.5,86.6,43.45,43.0,171.17,-2.0,84.9,65.56,66.0,179.6,2.1,104.0,0.08,0.0,0.08,0.0,7.01
322,11-1976,42.6,42.7,195.37,-12.8,90.0,32.99,32.0,214.47,-26.9,82.9,54.2,54.9,227.56,-0.8,99.0,0.04,0.0,0.03,0.0,3.98
323,12-1976,34.87,35.0,242.29,-23.3,81.0,24.87,25.0,271.88,-38.7,76.8,46.75,46.9,260.78,-16.1,89.1,0.05,0.0,0.03,0.0,5.24
324,1-1977,27.29,27.4,293.15,-27.6,75.5,18.53,19.2,330.07,-43.8,73.0,37.47,36.0,309.1,-19.8,98.1,0.05,0.0,0.04,0.0,6.18
325,2-1977,38.4,38.4,222.3,-18.8,79.2,28.26,28.2,227.74,-27.0,73.9,50.11,51.1,280.73,-7.8,93.9,0.04,0.0,0.03,0.0,9.45
326,3-1977,47.06,46.7,175.19,-0.2,83.2,37.19,36.0,194.46,-17.1,79.0,58.3,59.0,208.05,4.1,96.1,0.08,0.0,0.08,0.0,7.24
327,4-1977,56.57,57.7,151.42,-5.9,88.3,45.05,45.0,161.26,-14.1,81.0,68.97,72.0,183.88,2.1,100.0,0.06,0.0,0.06,0.0,7.05
328,5-1977,64.15,65.9,122.94,6.5,94.1,53.28,54.0,137.48,2.1,86.0,75.53,78.1,140.41,9.1,109.0,0.06,0.0,0.07,0.0,11.02
329,6-1977,71.04,71.8,107.66,5.4,104.3,60.06,59.9,112.14,2.1,96.1,82.47,84.0,138.91,9.1,116.1,0.07,0.0,0.07,0.0,10.71
330,7-1977,75.68,77.0,87.27,7.2,103.6,64.81,66.0,103.59,3.0,100.0,87.1,89.1,106.58,9.1,114.1,0.06,0.0,0.06,0.0,11.5
331,8-1977,73.29,74.2,90.92,5.1,104.5,63.53,64.9,110.14,2.1,98.1,84.12,84.9,109.58,6.1,115.0,0.09,0.0,0.1,0.0,10.83
332,9-1977,68.01,68.1,109.73,6.3,101.2,58.62,59.0,131.17,4.1,90.0,78.68,79.9,134.09,7.2,111.9,0.09,0.0,0.09,0.0,5.67
333,10-1977,56.47,55.2,107.81,10.5,89.8,46.34,45.0,137.65,3.9,84.9,68.21,67.8,130.09,12.0,106.0,0.06,0.0,0.06,0.0,6.65
334,11-1977,47.5,48.3,219.74,-14.4,81.6,39.0,38.8,245.27,-32.1,79.0,57.63,59.0,243.62,-4.9,97.0,0.08,0.0,0.1,0.0,14.02
335,12-1977,37.39,37.6,273.2,-30.5,82.9,29.34,30.2,288.53,-38.0,77.9,47.02,46.9,306.75,-22.9,95.0,0.08,0.0,0.07,0.0,5.05
336,1-1978,30.42,30.2,277.09,-23.3,78.3,22.93,23.0,306.9,-37.1,73.0,39.21,37.9,292.78,-14.8,93.9,0.1,0.0,0.1,0.0,8.94
337,2-1978,31.56,31.0,250.05,-18.5,82.5,23.24,23.9,286.62,-35.9,70.9,40.88,38.8,272.81,-9.8,93.0,0.05,0.0,0.03,0.0,5.47
338,3-1978,43.7,43.6,233.23,-15.5,83.9,34.16,34.0,232.63,-28.1,75.0,54.48,55.0,293.03,-9.0,95.0,0.06,0.0,0.05,0.0,5.28
339,4-1978,53.81,52.9,141.88,4.8,93.0,43.74,43.0,135.44,-5.1,80.1,65.02,64.9,181.96,10.9,102.9,0.07,0.0,0.06,0.0,17.13
340,5-1978,62.24,62.2,141.85,4.0,98.6,51.82,51.1,145.38,1.0,84.9,73.33,75.0,175.08,7.0,109.0,0.09,0.0,0.12,0.0,13.27
341,6-1978,70.89,71.4,103.72,11.2,104.2,59.72,59.9,122.16,6.1,93.2,82.31,82.9,117.34,12.0,115.0,0.07,0.0,0.08,0.0,7.72
342,7-1978,74.77,75.4,88.39,6.2,107.3,63.9,64.0,98.21,9.0,102.9,86.11,87.1,114.53,12.9,120.0,0.08,0.0,0.1,0.0,12.13
343,8-1978,73.66,74.3,83.25,12.5,103.1,63.15,64.0,105.77,8.1,100.9,84.91,86.0,100.37,12.9,118.9,0.07,0.0,0.08,0.0,10.28
344,9-1978,67.88,68.8,119.92,9.7,100.5,57.64,57.9,146.12,7.0,99.0,79.45,81.0,136.22,14.0,109.0,0.06,0.0,0.09,0.0,12.13
345,10-1978,56.89,56.5,121.92,2.7,89.9,45.8,45.0,149.27,1.0,83.8,69.58,70.0,146.63,7.0,107.1,0.03,0.0,0.02,0.0,5.12
346,11-1978,45.86,47.0,233.45,-13.6,82.6,37.36,37.9,233.0,-26.1,80.1,56.22,57.9,284.96,-5.8,97.0,0.06,0.0,0.05,0.0,5.28
347,12-1978,35.18,35.2,276.21,-33.8,81.8,26.63,27.1,291.86,-46.8,79.0,45.33,45.0,306.08,-20.7,91.0,0.06,0.0,0.06,0.0,5.39
348,1-1979,27.92,28.9,329.54,-32.0,77.1,20.11,21.9,366.55,-44.9,75.9,36.92,36.9,333.78,-19.8,84.0,0.1,0.0,0.09,0.0,5.83
349,2-1979,30.95,32.5,340.3,-30.6,85.6,22.37,24.3,371.16,-40.9,77.0,41.01,41.0,364.34,-23.1,91.0,0.08,0.0,0.07,0.0,5.39
350,3-1979,45.41,45.5,181.58,-12.2,84.4,36.15,36.0,189.12,-19.8,73.9,56.33,57.0,213.68,-0.4,100.0,0.06,0.0,0.06,0.0,10.91
351,4-1979,52.9,53.1,162.48,3.3,89.9,43.08,42.1,165.84,-9.8,79.0,63.74,64.9,197.53,9.1,100.4,0.08,0.0,0.1,0.0,16.22
352,5-1979,61.79,62.0,112.47,17.4,97.7,51.35,51.1,122.46,10.9,84.2,73.01,73.9,138.07,25.2,106.0,0.08,0.0,0.09,0.0,10.59
353,6-1979,69.86,70.1,86.0,27.7,104.8,58.44,58.8,102.24,23.0,91.0,81.39,82.0,106.73,34.0,118.9,0.06,0.0,0.07,0.0,5.47
354,7-1979,74.55,75.0,64.11,29.9,106.9,64.09,64.9,84.52,27.0,98.1,85.47,86.0,84.54,39.0,122.9,0.08,0.0,0.12,0.0,11.85
355,8-1979,72.73,73.2,70.76,34.6,101.8,62.78,63.0,85.61,28.0,97.0,83.67,84.9,89.99,37.4,117.0,0.07,0.0,0.07,0.0,6.69
356,9-1979,68.26,68.2,80.93,20.7,100.3,57.18,57.0,118.19,15.1,91.0,80.15,81.0,97.9,42.1,115.9,0.08,0.0,0.17,0.0,11.14
357,10-1979,57.44,57.9,140.08,12.6,89.7,47.18,46.9,144.56,2.1,88.0,69.28,70.0,187.8,17.6,106.0,0.05,0.0,0.05,0.0,12.01
358,11-1979,45.2,45.3,174.26,-16.8,89.9,36.23,36.0,188.25,-24.9,81.0,55.71,55.9,206.43,-9.8,96.1,0.06,0.0,0.06,0.0,11.5
359,12-1979,39.4,39.0,167.93,-23.1,88.5,30.59,30.2,186.16,-38.0,75.0,50.13,50.0,198.39,-7.1,96.1,0.04,0.0,0.04,0.0,8.11
360,1-1980,34.83,34.9,263.74,-25.0,89.1,27.24,28.0,283.62,-38.0,73.9,44.02,43.0,291.22,-15.9,90.0,0.06,0.0,0.04,0.0,5.71
361,2-1980,35.14,34.0,254.09,-18.8,90.0,26.53,27.0,263.39,-29.0,73.9,45.2,43.0,301.35,-4.9,99.0,0.05,0.0,0.04,0.0,10.2
362,3-1980,42.51,42.1,212.03,-17.1,89.6,33.33,33.1,230.1,-29.9,78.1,53.24,53.1,238.61,-9.0,100.4,0.08,0.0,0.09,0.0,11.1
363,4-1980,54.18,54.1,128.58,8.2,89.3,43.24,43.0,123.31,-1.8,82.0,65.89,66.0,175.32,19.4,110.8,0.06,0.0,0.07,0.0,8.98
364,5-1980,62.93,63.0,103.19,23.2,99.9,52.21,52.0,117.64,16.2,86.0,74.11,75.0,124.35,28.0,129.2,0.07,0.0,0.08,0.0,13.43
365,6-1980,70.38,70.5,115.17,21.2,105.3,58.94,57.9,122.95,12.2,93.9,81.93,82.9,138.6,28.9,118.9,0.06,0.0,0.06,0.0,11.02
366,7-1980,77.06,77.4,85.88,35.6,109.3,65.51,66.0,94.04,28.9,97.0,88.73,90.0,109.88,39.9,119.8,0.05,0.0,0.05,0.0,9.72
367,8-1980,74.85,75.3,84.12,16.9,106.2,64.37,65.8,100.99,15.3,97.0,86.26,87.1,101.42,20.1,120.2,0.06,0.0,0.07,0.0,9.41
368,9-1980,68.54,68.3,114.52,17.6,101.3,58.14,57.9,140.1,10.2,100.0,80.28,81.0,133.09,20.1,111.9,0.06,0.0,0.07,0.0,15.39
369,10-1980,55.59,55.6,151.42,9.5,90.0,45.07,44.6,156.05,3.9,88.0,67.6,68.0,197.76,15.3,114.1,0.05,0.0,0.05,0.0,7.09
370,11-1980,45.85,44.8,157.75,0.1,89.3,36.6,36.0,156.3,-16.1,82.0,56.52,55.0,212.25,6.8,98.1,0.05,0.0,0.06,0.0,18.82
371,12-1980,37.59,38.3,249.48,-23.6,89.5,28.54,29.1,255.7,-37.1,73.9,48.48,48.9,293.65,-16.6,98.1,0.04,0.0,0.03,0.0,6.54
372,1-1981,33.86,34.2,225.79,-31.1,89.9,24.76,25.2,239.0,-41.1,68.0,44.77,45.0,267.88,-24.0,97.0,0.02,0.0,0.01,0.0,5.0
373,2-1981,39.98,41.2,256.73,-22.8,90.0,30.29,32.0,275.21,-43.1,75.9,51.2,52.0,285.46,-9.8,93.9,0.06,0.0,0.07,0.0,7.72
374,3-1981,45.61,44.8,139.87,-6.1,89.3,35.57,34.0,147.39,-11.9,75.0,56.71,57.0,173.55,0.0,95.9,0.05,0.0,0.04,0.0,7.28
375,4-1981,57.44,57.3,137.13,2.8,89.6,46.71,46.0,148.24,-4.0,84.0,69.28,70.0,161.51,14.2,104.0,0.05,0.0,0.04,0.0,11.46
376,5-1981,61.69,61.4,101.94,14.4,95.1,51.13,50.9,117.08,9.0,82.0,72.89,73.0,122.76,20.1,105.1,0.08,0.0,0.1,0.0,12.01
377,6-1981,72.31,72.7,96.55,27.6,107.7,61.7,62.1,111.17,19.2,99.0,83.26,84.0,116.72,39.0,117.9,0.08,0.0,0.1,0.0,14.02
378,7-1981,75.61,76.0,73.2,37.1,107.6,65.12,66.0,89.59,21.2,99.0,86.49,87.1,91.71,45.0,117.9,0.07,0.0,0.09,0.0,11.14
379,8-1981,73.84,73.5,61.38,37.1,109.4,63.3,63.9,81.04,25.2,93.0,84.78,84.9,81.7,46.4,129.2,0.07,0.0,0.09,0.0,13.39
380,9-1981,67.09,67.4,94.53,15.7,108.9,56.38,55.9,114.63,12.2,96.1,78.64,80.1,119.59,19.0,129.2,0.05,0.0,0.06,0.0,10.79
381,10-1981,55.38,54.6,131.68,17.1,89.8,45.86,45.0,152.54,5.2,84.9,66.41,66.0,154.48,23.0,98.1,0.07,0.0,0.07,0.0,6.89
382,11-1981,47.98,47.7,142.21,-1.2,89.9,38.68,37.9,145.76,-12.1,82.4,58.76,60.1,188.37,9.1,92.8,0.04,0.0,0.03,0.0,5.04
383,12-1981,37.48,36.5,201.45,-20.1,86.7,29.61,30.0,206.45,-27.0,75.9,46.52,45.0,249.76,-9.0,90.0,0.05,0.0,0.04,0.0,6.26
384,1-1982,30.13,30.8,379.95,-31.7,89.7,21.17,22.1,399.24,-45.0,80.6,40.79,39.9,406.52,-26.9,109.4,0.07,0.0,0.07,0.0,5.75
385,2-1982,36.55,37.0,317.87,-29.9,89.7,27.84,30.0,337.84,-47.7,75.9,46.72,46.0,348.66,-14.8,113.0,0.06,0.0,0.07,0.0,9.07
386,3-1982,45.24,44.4,218.04,-14.8,88.9,36.13,35.1,228.18,-30.1,79.0,55.64,55.0,254.45,-5.8,96.8,0.06,0.0,0.05,0.0,11.87
387,4-1982,52.09,52.9,184.33,-10.7,89.9,41.45,41.0,191.55,-17.0,80.6,63.25,64.9,216.96,-2.0,104.0,0.06,0.0,0.08,0.0,19.02
388,5-1982,63.82,64.2,99.83,24.4,96.8,53.15,53.1,116.43,5.0,88.0,74.7,75.9,118.3,32.0,107.1,0.07,0.0,0.08,0.0,11.9
389,6-1982,68.53,68.0,95.2,34.2,102.3,58.2,57.9,105.63,21.2,96.1,79.06,79.9,114.86,37.9,118.9,0.09,0.0,0.11,0.0,10.93
390,7-1982,75.29,76.2,67.57,14.0,106.1,64.61,65.8,84.18,3.0,102.0,86.04,87.1,78.74,20.1,114.4,0.08,0.0,0.11,0.0,12.01
391,8-1982,73.51,73.9,76.92,25.2,105.2,63.18,63.9,93.19,21.9,100.0,84.43,84.9,92.87,33.1,115.0,0.06,0.0,0.08,0.0,9.56
392,9-1982,66.79,66.9,108.1,29.4,104.2,56.85,56.8,120.21,23.0,96.1,77.73,78.1,130.88,31.1,129.2,0.06,0.0,0.07,0.0,13.39
393,10-1982,57.11,56.5,131.19,13.2,89.5,46.94,46.0,156.7,-0.8,82.0,68.44,69.1,145.13,15.3,99.0,0.05,0.0,0.04,0.0,5.71
394,11-1982,46.37,46.1,198.59,-6.9,88.7,37.94,37.0,222.64,-28.1,78.1,56.03,55.9,213.19,3.2,104.0,0.07,0.0,0.07,0.0,10.08
395,12-1982,40.83,40.1,233.73,-15.1,88.9,33.12,32.9,253.68,-29.7,78.1,49.93,50.0,247.76,-4.9,114.8,0.08,0.0,0.1,0.0,11.81
396,1-1983,36.47,35.9,168.02,-15.0,78.9,28.76,29.1,178.49,-29.0,75.9,45.47,44.1,199.32,-6.0,89.1,0.05,0.0,0.05,0.0,8.94
397,2-1983,39.85,39.7,170.34,-12.3,74.3,31.73,32.0,179.13,-27.0,71.1,49.17,48.9,202.09,-5.8,97.0,0.07,0.0,0.08,0.0,11.1
398,3-1983,45.7,45.4,148.27,-4.8,83.3,37.51,37.0,142.29,-16.1,75.9,55.12,55.0,194.4,3.2,100.0,0.09,0.0,0.08,0.0,5.59
399,4-1983,50.88,50.7,137.35,2.9,83.5,41.25,41.0,137.8,-9.0,77.0,61.11,61.0,172.98,6.3,99.0,0.09,0.0,0.1,0.0,10.93
400,5-1983,61.05,61.0,120.56,17.4,105.0,50.28,50.0,131.85,2.1,99.0,71.95,72.0,142.8,23.2,119.8,0.08,0.0,0.08,0.0,9.02
401,6-1983,70.07,71.0,83.67,22.2,100.6,59.15,59.9,99.12,19.2,95.0,80.84,82.0,97.28,25.2,111.9,0.07,0.0,0.08,0.0,11.1
402,7-1983,76.4,77.6,76.12,25.2,108.4,65.02,66.0,92.07,20.1,97.0,87.52,89.1,88.28,28.2,117.9,0.05,0.0,0.06,0.0,10.04
403,8-1983,76.72,77.6,64.98,24.8,107.4,65.84,66.9,74.68,10.2,100.0,88.01,89.1,84.95,30.2,116.1,0.06,0.0,0.07,0.0,10.93
404,9-1983,68.39,69.3,127.63,9.0,102.9,57.4,57.9,151.19,0.1,89.1,80.24,81.9,141.25,10.2,115.0,0.06,0.0,0.07,0.0,10.83
405,10-1983,58.11,57.7,123.0,7.6,87.1,48.52,48.0,147.49,5.2,84.0,68.95,69.1,138.01,10.2,104.0,0.06,0.0,0.07,0.0,7.85
406,11-1983,47.35,47.5,173.91,-12.0,89.6,39.21,37.9,173.35,-30.1,87.8,56.89,57.9,212.57,4.1,100.4,0.09,0.0,0.08,0.0,5.04
407,12-1983,31.39,32.6,402.1,-39.5,90.0,23.9,26.1,418.02,-50.1,86.0,40.01,39.9,423.41,-26.9,107.6,0.08,0.0,0.08,0.0,8.86
408,1-1984,32.73,33.6,283.43,-28.2,90.0,24.31,26.2,299.53,-43.8,82.4,42.18,41.0,311.06,-15.9,109.4,0.03,0.0,0.02,0.0,5.12
409,2-1984,41.16,41.2,190.56,-18.6,89.6,31.79,32.0,196.74,-27.8,86.0,51.53,52.0,226.47,-7.8,113.0,0.05,0.0,0.05,0.0,4.46
410,3-1984,43.27,42.2,238.23,-22.9,88.9,33.96,33.1,227.98,-32.1,80.6,53.47,53.1,290.08,-9.0,107.6,0.06,0.0,0.06,0.0,6.85
411,4-1984,53.23,51.7,137.14,7.5,89.7,43.19,42.1,134.0,-3.8,84.2,63.97,63.0,178.5,10.2,109.9,0.07,0.0,0.06,0.0,6.5
412,5-1984,62.83,62.7,134.41,1.8,109.6,51.81,51.1,134.64,-7.8,104.0,73.99,75.0,165.41,8.2,129.2,0.07,0.0,0.09,0.0,14.72
413,6-1984,71.32,72.6,98.07,7.0,108.5,60.36,61.0,108.95,0.1,98.1,82.15,84.0,113.49,7.2,123.8,0.06,0.0,0.07,0.0,10.0
414,7-1984,74.99,75.4,63.85,19.8,108.8,63.85,64.9,78.41,-6.9,102.0,86.09,87.1,79.86,30.2,120.9,0.07,0.0,0.11,0.0,12.13
415,8-1984,75.12,75.7,59.58,6.7,108.8,64.28,65.8,78.91,1.2,99.0,86.27,87.1,72.05,9.1,120.9,0.06,0.0,0.09,0.0,12.05
416,9-1984,66.22,67.4,143.89,7.6,109.8,55.36,55.9,157.79,6.1,105.8,77.97,80.1,167.85,8.2,129.2,0.05,0.0,0.06,0.0,9.79
417,10-1984,57.93,59.1,158.98,-3.2,88.0,48.92,50.0,185.38,-15.0,84.9,68.19,70.0,170.85,8.2,111.2,0.07,0.0,0.08,0.0,10.0
418,11-1984,45.84,45.0,157.11,-7.6,82.4,36.72,35.1,172.97,-17.1,78.1,56.32,55.9,178.32,6.1,91.9,0.06,0.0,0.06,0.0,9.04
419,12-1984,39.97,39.9,296.03,-23.7,79.0,31.62,32.0,320.67,-39.1,75.0,49.79,50.0,311.03,-13.9,90.0,0.05,0.0,0.03,0.0,5.08
420,1-1985,30.49,30.3,260.53,-31.6,77.5,21.98,23.0,280.43,-42.9,75.0,40.33,39.0,278.43,-27.8,88.0,0.03,0.0,0.02,0.0,4.5
421,2-1985,35.78,36.3,315.44,-27.7,87.9,26.49,28.0,343.02,-44.9,82.4,46.04,46.0,340.56,-16.8,111.2,0.05,0.0,0.05,0.0,5.79
422,3-1985,47.23,46.6,182.73,-8.5,89.6,37.34,36.0,200.59,-26.9,84.2,58.25,57.9,203.64,6.3,107.6,0.05,0.0,0.04,0.0,5.2
423,4-1985,57.54,58.7,159.0,-0.1,89.9,46.12,46.0,158.52,-8.0,84.9,69.41,72.0,190.87,10.0,107.1,0.04,0.0,0.04,0.0,11.61
424,5-1985,64.98,65.3,97.16,14.4,95.8,53.38,53.1,113.88,8.1,87.1,76.43,78.1,110.61,17.2,109.9,0.06,0.0,0.06,0.0,9.8
425,6-1985,70.49,70.6,106.03,13.8,107.1,59.05,59.0,114.25,6.3,100.9,81.77,82.0,131.07,17.2,120.0,0.07,0.0,0.07,0.0,10.71
426,7-1985,75.72,76.3,66.43,14.4,109.6,64.2,64.9,77.81,11.1,105.1,87.01,88.0,87.84,16.2,125.1,0.07,0.0,0.08,0.0,10.56
427,8-1985,73.09,73.0,80.2,12.7,107.7,62.31,63.0,99.03,-1.1,93.9,84.04,84.9,100.0,17.2,118.9,0.07,0.0,0.09,0.0,9.04
428,9-1985,66.06,66.6,139.6,12.2,97.8,56.07,56.8,163.13,-2.2,96.1,76.96,78.1,150.44,16.2,108.0,0.06,0.0,0.09,0.0,7.83
429,10-1985,57.96,57.4,137.55,7.9,90.0,48.41,48.0,178.03,-12.1,81.0,68.75,69.1,142.61,10.2,102.9,0.07,0.0,0.09,0.0,9.45
430,11-1985,45.16,46.9,340.16,-21.6,83.3,37.22,37.9,347.43,-32.1,80.1,54.33,57.0,380.17,-14.1,93.0,0.08,0.0,0.08,0.0,8.9
431,12-1985,33.12,33.6,293.07,-26.0,78.9,23.97,25.0,300.24,-38.7,75.9,43.42,43.0,332.21,-16.1,91.9,0.04,0.0,0.03,0.0,3.75
432,1-1986,37.79,38.3,238.44,-30.3,75.7,28.03,28.2,247.58,-38.0,71.1,49.18,50.0,278.09,-22.9,90.0,0.04,0.0,0.03,0.0,9.45
433,2-1986,39.07,38.4,322.8,-22.0,88.1,30.51,31.1,321.33,-35.9,75.9,48.84,48.0,385.76,-9.2,102.0,0.06,0.0,0.06,0.0,9.04
434,3-1986,48.89,49.55,200.32,-18.5,88.2,37.96,37.9,189.34,-27.9,80.1,60.61,62.1,240.99,-12.8,102.2,0.04,0.0,0.04,0.0,9.04
435,4-1986,55.77,55.7,142.94,7.9,88.3,44.76,44.1,135.19,-6.0,86.0,67.36,68.0,180.53,10.2,100.9,0.04,0.0,0.03,0.0,9.04
436,5-1986,63.82,64.8,122.75,6.9,99.2,52.78,53.1,130.14,1.9,87.1,74.84,76.8,148.55,10.2,108.0,0.06,0.0,0.06,0.0,12.01
437,6-1986,71.94,72.9,92.64,5.2,106.0,60.86,61.0,104.08,1.2,95.0,83.04,84.9,111.75,17.2,117.0,0.07,0.0,0.09,0.0,12.72
438,7-1986,75.4,76.3,91.62,0.1,105.0,64.54,66.0,99.9,-11.7,102.9,86.17,88.0,109.88,16.2,117.0,0.06,0.0,0.06,0.0,9.79
439,8-1986,73.06,73.3,80.5,10.3,105.7,62.2,63.0,95.66,-1.1,100.9,84.26,84.9,104.02,16.2,120.0,0.07,0.0,0.07,0.0,8.51
440,9-1986,66.53,66.9,123.57,12.7,104.6,57.21,57.0,142.6,0.0,91.9,76.75,78.1,140.21,15.3,114.1,0.07,0.0,0.08,0.0,11.02
441,10-1986,57.21,56.7,127.57,7.2,89.7,47.38,46.9,158.54,-1.1,84.9,68.23,68.7,139.35,8.2,102.9,0.06,0.0,0.08,0.0,10.35
442,11-1986,45.68,44.7,224.93,-14.3,82.3,37.25,36.0,243.89,-36.0,80.1,55.58,55.0,246.56,-2.9,102.0,0.06,0.0,0.06,0.0,6.94
443,12-1986,38.34,36.7,165.78,-8.8,80.9,30.67,30.2,190.28,-22.2,78.1,47.22,46.0,179.99,-2.7,100.0,0.05,0.0,0.06,0.0,12.02
444,1-1987,35.01,34.7,207.13,-27.7,79.9,26.59,28.0,224.59,-35.1,75.0,44.61,43.0,241.19,-21.8,100.0,0.05,0.0,0.05,0.0,5.35
445,2-1987,39.88,38.6,172.87,-27.7,78.1,30.94,30.2,187.57,-31.0,75.9,49.93,48.9,201.84,-24.9,93.0,0.05,0.0,0.05,0.0,4.33
446,3-1987,46.06,46.5,166.24,-9.3,88.4,36.0,36.0,166.57,-21.8,78.8,56.98,57.9,201.23,-0.9,114.8,0.06,0.0,0.05,0.0,5.86
447,4-1987,56.37,56.2,136.65,6.2,90.0,43.95,44.1,123.66,-2.7,87.1,68.74,69.1,186.03,8.2,118.4,0.04,0.0,0.03,0.0,5.16
448,5-1987,65.63,66.7,107.64,15.8,107.3,54.6,55.0,119.99,11.1,93.0,76.82,79.0,128.92,19.2,129.2,0.06,0.0,0.06,0.0,5.2
449,6-1987,72.77,73.9,75.64,17.7,109.8,61.41,62.1,95.16,14.2,96.1,83.85,84.9,90.99,22.1,129.2,0.07,0.0,0.07,0.0,4.61
450,7-1987,75.66,77.1,74.42,18.5,106.7,64.61,66.0,88.52,15.3,99.0,86.48,88.0,87.29,20.1,120.2,0.06,0.0,0.06,0.0,10.0
451,8-1987,74.15,74.5,91.4,21.9,104.5,63.21,64.0,111.9,5.2,98.1,85.36,86.0,108.59,26.2,129.2,0.06,0.0,0.09,0.0,17.09
452,9-1987,68.02,67.9,81.93,16.4,109.5,56.7,57.0,119.72,10.2,105.1,79.78,80.1,95.92,19.2,129.2,0.06,0.0,0.06,0.0,10.75
453,10-1987,55.69,55.2,122.31,14.9,89.9,43.9,43.0,142.38,6.3,87.1,68.38,69.1,150.96,24.1,118.4,0.03,0.0,0.02,0.0,3.74
454,11-1987,48.05,47.8,167.38,-6.1,89.8,38.8,37.9,184.2,-17.0,79.0,58.49,59.0,189.58,5.2,116.6,0.06,0.0,0.07,0.0,8.82
455,12-1987,39.1,38.1,200.96,-49.6,89.6,31.16,31.1,208.48,-50.8,75.0,47.97,46.9,238.35,-48.8,111.2,0.06,0.0,0.06,0.0,9.84
456,1-1988,32.04,32.8,294.47,-37.1,84.5,23.08,24.3,322.59,-41.8,73.9,42.04,42.1,303.12,-35.9,96.8,0.04,0.0,0.03,0.0,4.41
457,2-1988,37.02,37.5,290.91,-21.8,89.6,26.79,27.1,291.84,-38.7,75.0,48.39,48.9,332.5,-14.8,98.6,0.04,0.0,0.04,0.0,10.51
458,3-1988,46.07,45.6,202.59,-21.5,89.9,35.1,34.0,197.21,-27.9,81.0,57.83,57.9,248.72,0.0,105.8,0.04,0.0,0.04,0.0,5.55
459,4-1988,54.77,54.2,127.47,4.1,88.6,43.18,42.1,134.16,-3.8,84.9,66.95,67.0,162.69,7.2,107.6,0.05,0.0,0.04,0.0,7.58
460,5-1988,64.2,64.9,110.43,7.9,104.8,51.87,52.0,110.96,1.2,91.9,75.97,78.1,137.86,9.1,129.2,0.04,0.0,0.04,0.0,4.33
461,6-1988,72.71,74.1,104.19,8.7,105.5,60.01,60.1,105.22,5.2,100.0,84.79,87.1,131.16,10.2,129.2,0.04,0.0,0.04,0.0,6.9
462,7-1988,76.71,77.6,68.78,26.7,107.9,64.92,66.0,87.42,10.2,102.0,88.27,89.1,88.55,29.1,127.4,0.06,0.0,0.07,0.0,4.8
463,8-1988,75.72,77.0,78.33,15.0,105.1,64.51,66.0,106.75,10.2,96.1,87.28,89.1,93.82,16.2,120.2,0.06,0.0,0.07,0.0,7.24
464,9-1988,67.42,67.4,103.09,6.7,108.9,56.26,55.9,135.43,5.2,96.1,79.24,80.1,118.1,7.2,127.4,0.06,0.0,0.08,0.0,6.84
465,10-1988,56.06,56.0,137.53,9.1,89.9,45.14,45.0,152.39,1.2,84.0,67.86,69.1,174.77,15.3,118.4,0.03,0.0,0.03,0.0,4.36
466,11-1988,47.91,47.2,180.52,-2.5,87.6,38.67,37.9,184.39,-20.7,81.0,58.07,57.9,219.17,5.2,109.4,0.07,0.0,0.07,0.0,7.48
467,12-1988,37.53,37.6,237.19,-16.3,88.6,28.06,28.2,243.5,-33.2,77.0,48.25,48.0,276.3,-8.9,114.8,0.03,0.0,0.02,0.0,4.13
468,1-1989,38.36,38.5,241.81,-29.5,89.6,28.94,30.0,267.57,-41.8,77.0,49.05,48.9,265.81,-23.8,113.0,0.04,0.0,0.03,0.0,4.92
469,2-1989,33.62,33.2,382.13,-37.9,89.4,24.71,25.2,387.75,-50.8,79.0,43.78,42.1,422.95,-27.0,113.0,0.05,0.0,0.04,0.0,5.98
470,3-1989,45.57,45.8,293.75,-15.6,89.0,35.48,35.1,281.83,-39.8,79.0,56.89,57.9,354.2,-3.8,114.8,0.06,0.0,0.05,0.0,5.47
471,4-1989,55.54,55.0,183.22,3.4,90.0,44.06,43.0,171.26,-6.9,84.0,67.26,68.0,230.82,9.1,111.9,0.04,0.0,0.03,0.0,5.08
472,5-1989,63.51,63.2,130.94,7.2,109.0,52.18,52.0,137.35,6.3,98.6,74.69,75.0,152.15,8.2,129.2,0.07,0.0,0.08,0.0,7.76
473,6-1989,70.76,71.1,88.55,5.3,109.3,59.99,60.1,102.28,3.2,95.0,81.68,82.0,105.92,7.2,129.2,0.1,0.0,0.12,0.0,13.58
474,7-1989,75.82,76.2,64.85,24.3,109.3,64.7,64.9,79.59,20.1,104.0,86.8,88.0,85.66,26.2,129.2,0.07,0.0,0.07,0.0,5.98
475,8-1989,73.31,73.4,73.21,21.5,106.0,62.79,63.0,95.7,2.1,98.1,84.17,84.9,85.24,24.3,117.0,0.06,0.0,0.07,0.0,10.39
476,9-1989,66.83,66.7,110.88,17.9,102.6,55.88,55.9,147.97,11.1,89.1,78.54,79.0,119.26,23.0,114.1,0.07,0.0,0.09,0.0,5.83
477,10-1989,57.5,57.9,142.96,14.6,89.6,46.46,46.0,159.42,-2.2,82.0,69.82,71.1,172.58,20.1,108.0,0.05,0.0,0.06,0.0,8.63
478,11-1989,46.68,46.5,211.11,-7.7,83.6,36.78,36.0,220.72,-17.0,79.0,58.03,57.9,246.97,-0.9,96.1,0.05,0.0,0.05,0.0,10.0
479,12-1989,30.74,31.2,317.96,-34.6,79.4,21.46,22.1,316.95,-47.2,75.9,41.63,41.0,374.94,-24.0,97.9,0.03,0.0,0.03,0.0,5.63
480,1-1990,40.55,39.5,178.63,-17.3,78.3,31.52,31.1,196.63,-25.2,75.9,51.04,50.0,211.29,-11.9,90.0,0.06,0.0,0.06,0.0,5.63
481,2-1990,40.67,40.5,258.72,-17.8,79.9,31.07,30.9,281.21,-33.9,77.0,51.75,52.0,277.41,-9.8,97.0,0.07,0.0,0.07,0.0,7.44
482,3-1990,47.69,47.4,200.33,-18.8,85.4,37.91,37.0,212.01,-24.9,80.1,58.79,59.0,225.58,-16.8,100.0,0.06,0.0,0.08,0.0,10.63
483,4-1990,55.39,55.6,162.04,5.2,89.3,44.7,45.0,165.58,0.1,84.9,67.03,68.0,189.54,11.1,105.1,0.06,0.0,0.05,0.0,4.27
484,5-1990,61.89,61.1,119.89,20.8,94.5,51.47,51.1,136.42,5.2,84.0,72.76,73.0,136.69,27.0,106.0,0.09,0.0,0.09,0.0,6.3
485,6-1990,72.59,73.1,108.63,26.2,109.8,61.13,61.9,114.93,20.1,97.0,83.86,84.9,127.58,36.0,123.1,0.06,0.0,0.05,0.0,7.05
486,7-1990,75.36,75.7,68.98,36.1,107.8,64.63,64.9,82.1,31.1,100.9,86.39,87.1,88.5,43.0,118.0,0.07,0.0,0.08,0.0,10.63
487,8-1990,74.42,74.3,67.04,41.7,104.9,63.6,64.0,81.69,28.9,96.1,85.53,86.0,88.22,51.1,118.0,0.07,0.0,0.07,0.0,5.81
488,9-1990,69.29,69.6,101.99,20.9,104.3,58.31,57.9,122.85,16.0,95.0,81.09,82.0,123.37,25.0,118.9,0.05,0.0,0.05,0.0,10.28
489,10-1990,57.97,57.5,147.03,7.7,91.2,46.86,46.0,174.59,1.9,88.0,70.34,71.1,162.88,14.2,105.1,0.07,0.0,0.1,0.0,12.17
490,11-1990,48.95,48.9,172.37,-2.1,85.0,38.81,37.9,176.55,-15.9,82.9,60.51,62.1,208.68,8.2,96.1,0.05,0.0,0.05,0.0,5.63
491,12-1990,36.69,38.2,350.41,-35.5,82.9,27.47,29.1,365.68,-50.3,77.0,47.42,48.9,371.08,-24.9,99.0,0.06,0.0,0.06,0.0,7.28
492,1-1991,33.93,34.2,277.93,-23.7,79.3,25.63,26.2,314.13,-36.0,75.9,43.59,43.9,285.28,-16.8,88.0,0.07,0.0,0.08,0.0,8.11
493,2-1991,42.45,42.5,204.61,-19.0,78.5,32.47,32.0,219.51,-29.0,75.0,53.94,55.0,233.8,-7.8,93.0,0.04,0.0,0.04,0.0,6.1
494,3-1991,46.82,45.8,185.32,-7.9,89.3,37.23,36.0,192.26,-20.0,84.0,57.77,57.0,218.24,0.1,102.9,0.08,0.0,0.09,0.0,10.16
495,4-1991,56.07,56.1,148.42,8.2,88.2,45.78,45.0,162.33,-6.2,82.9,67.05,68.0,177.17,17.1,105.1,0.08,0.0,0.1,0.0,10.42
496,5-1991,65.31,66.9,138.16,22.0,99.8,55.2,55.0,158.06,5.2,95.0,76.04,79.0,150.77,24.3,108.0,0.08,0.0,0.09,0.0,7.8
497,6-1991,71.69,72.7,87.9,21.2,100.5,60.86,61.9,104.31,18.1,96.1,82.53,84.0,101.2,27.1,109.9,0.07,0.0,0.07,0.0,6.5
498,7-1991,75.79,76.5,69.44,21.2,106.0,64.79,64.9,84.43,18.1,99.0,86.99,88.0,88.61,24.3,120.0,0.07,0.0,0.07,0.0,5.34
499,8-1991,74.74,75.3,58.85,21.2,109.4,63.88,64.0,74.66,18.1,99.0,86.14,87.1,77.34,27.1,120.0,0.07,0.0,0.08,0.0,5.9
500,9-1991,67.22,67.6,119.73,19.0,101.9,56.45,57.0,152.78,12.9,93.9,79.08,80.1,132.75,25.0,114.1,0.06,0.0,0.06,0.0,6.97
501,10-1991,57.85,59.0,181.78,-7.5,90.0,46.83,46.9,188.17,-23.3,82.9,70.22,72.0,227.48,6.3,111.0,0.05,0.0,0.06,0.0,7.17
502,11-1991,43.89,43.5,216.25,-13.0,82.9,35.33,35.1,219.15,-28.1,80.1,54.04,54.0,256.21,-3.8,100.9,0.05,0.0,0.04,0.0,5.39
503,12-1991,39.44,38.7,222.51,-16.6,83.5,31.26,30.9,245.08,-29.0,78.1,49.0,48.0,241.79,-13.0,104.0,0.06,0.0,0.06,0.0,6.85
504,1-1992,36.85,37.0,202.53,-26.4,89.1,28.51,30.0,227.71,-34.1,80.6,46.61,46.9,222.0,-18.9,107.6,0.05,0.0,0.05,0.0,5.94
505,2-1992,41.99,41.3,196.72,-13.8,87.3,33.35,33.1,204.71,-29.9,80.6,52.23,53.1,232.37,-0.8,102.2,0.06,0.0,0.07,0.0,17.95
506,3-1992,46.57,46.8,181.58,-17.8,88.2,36.82,36.0,191.69,-33.0,75.9,57.54,59.0,221.05,-8.9,107.6,0.06,0.0,0.05,0.0,10.43
507,4-1992,54.79,55.1,161.05,-0.8,90.0,44.26,44.1,152.38,-8.0,84.2,66.16,68.0,204.03,9.0,107.1,0.05,0.0,0.04,0.0,5.6
508,5-1992,63.48,64.2,98.17,16.6,109.4,52.06,52.0,111.22,0.1,100.4,75.22,77.0,123.9,25.0,129.2,0.05,0.0,0.04,0.0,4.02
509,6-1992,69.72,69.8,88.68,5.5,108.2,58.98,59.0,99.38,0.9,99.9,80.62,81.0,105.61,7.0,129.2,0.08,0.0,0.09,0.0,6.85
510,7-1992,72.9,73.3,97.95,1.7,108.4,62.71,63.0,104.92,0.9,102.9,83.88,84.9,111.39,2.8,117.9,0.09,0.0,0.13,0.0,13.82
511,8-1992,71.38,71.7,90.58,1.1,108.4,60.61,61.0,103.06,0.0,100.9,82.98,83.8,107.68,1.9,131.0,0.08,0.0,0.14,0.0,13.9
512,9-1992,66.55,67.0,119.81,1.8,98.9,55.77,55.9,151.05,0.0,88.0,78.59,79.0,122.68,2.8,111.9,0.07,0.0,0.14,0.0,19.02
513,10-1992,56.6,57.1,142.53,4.3,89.8,45.58,45.0,147.73,0.9,84.9,69.04,70.9,180.27,5.9,106.9,0.05,0.0,0.04,0.0,7.76
514,11-1992,44.32,43.2,195.99,-11.8,85.6,36.53,34.9,197.12,-25.1,81.0,53.47,52.9,240.51,-1.1,97.0,0.09,0.0,0.08,0.0,7.92
515,12-1992,36.26,36.0,244.85,-30.8,78.7,28.41,29.8,271.47,-42.2,77.0,45.41,43.9,256.14,-22.0,86.0,0.07,0.0,0.05,0.0,5.43
516,1-1993,34.14,34.2,291.84,-31.5,79.5,26.3,27.9,323.91,-46.1,77.0,43.46,42.1,304.57,-25.1,88.0,0.08,0.0,0.06,0.0,7.46
517,2-1993,33.66,33.5,301.34,-23.0,78.8,24.89,25.9,327.99,-38.0,73.9,44.04,43.0,317.49,-9.0,95.0,0.06,0.0,0.04,0.0,5.56
518,3-1993,43.55,43.2,223.89,-18.4,81.9,34.28,34.0,233.04,-25.1,77.9,54.21,54.9,256.02,-9.0,97.9,0.08,0.0,0.06,0.0,5.08
519,4-1993,52.44,52.2,136.96,0.0,89.7,41.98,41.9,132.69,0.0,81.0,63.89,64.0,165.99,5.9,104.0,0.08,0.0,0.06,0.0,6.81
520,5-1993,63.07,63.7,98.93,3.9,99.4,52.09,52.0,108.58,-1.1,93.9,74.7,75.9,112.97,5.9,108.0,0.07,0.0,0.06,0.0,7.65
521,6-1993,69.56,70.8,119.73,2.4,108.9,58.89,59.0,126.66,0.0,101.8,80.78,82.9,132.86,5.0,119.8,0.1,0.0,0.09,0.0,7.01
522,7-1993,74.18,75.1,105.34,1.4,104.8,63.83,64.9,115.64,0.0,97.0,85.15,86.9,111.63,3.9,115.9,0.09,0.0,0.08,0.0,6.42
523,8-1993,73.65,74.2,97.45,2.4,108.6,63.01,63.9,107.68,-2.0,97.9,85.29,86.0,103.12,2.8,122.0,0.08,0.0,0.07,0.0,5.63
524,9-1993,65.3,65.1,142.06,1.5,105.5,54.44,54.0,162.87,-10.1,104.0,77.57,77.9,156.7,2.8,118.9,0.08,0.0,0.08,0.0,9.94
525,10-1993,55.21,54.9,162.95,0.7,89.9,44.98,44.1,176.05,-18.0,86.9,67.49,68.0,183.84,2.8,106.9,0.06,0.0,0.06,0.0,8.23
526,11-1993,43.14,42.5,208.83,-13.1,83.7,33.69,32.9,222.94,-28.1,81.0,54.24,54.0,231.08,-7.1,100.9,0.05,0.0,0.05,0.0,5.73
527,12-1993,36.75,37.0,222.0,-30.0,78.2,28.44,29.8,230.81,-42.2,74.8,46.5,45.9,253.71,-20.0,93.9,0.05,0.0,0.04,0.0,5.04
528,1-1994,30.81,32.8,390.34,-34.9,87.9,21.9,23.9,405.65,-43.1,81.9,41.56,43.0,421.78,-27.0,100.9,0.06,0.0,0.04,0.0,5.98
529,2-1994,34.61,35.2,362.61,-33.6,81.8,25.03,25.9,385.02,-45.0,77.0,45.65,46.9,387.61,-21.1,90.0,0.05,0.0,0.04,0.0,5.04
530,3-1994,46.33,45.4,197.25,-10.9,85.2,35.8,34.0,193.16,-24.2,79.0,58.29,59.0,242.27,-7.1,97.9,0.07,0.0,0.07,0.0,11.1
531,4-1994,55.27,55.3,172.62,0.0,89.9,44.04,43.9,178.56,-6.2,83.8,67.74,68.9,193.82,3.9,104.9,0.07,0.0,0.06,0.0,10.0
532,5-1994,62.5,62.6,119.63,2.5,98.2,50.93,50.9,127.35,0.0,88.0,74.3,75.9,130.98,3.9,108.0,0.06,0.0,0.05,0.0,4.15
533,6-1994,72.54,73.7,107.19,0.4,109.9,61.22,62.1,123.22,0.0,101.8,84.34,86.0,114.55,1.9,122.9,0.08,0.0,0.08,0.0,7.34
534,7-1994,74.81,75.5,72.26,1.6,108.1,63.89,64.9,86.08,0.0,99.0,86.29,86.9,85.03,2.8,119.8,0.08,0.0,0.09,0.0,8.39
535,8-1994,73.21,73.6,74.91,2.9,109.5,62.07,63.0,89.96,0.0,102.9,84.95,86.0,88.76,3.9,118.9,0.07,0.0,0.08,0.0,8.59
536,9-1994,67.28,67.2,85.83,2.7,102.2,56.16,55.9,112.18,0.0,99.0,79.39,80.1,99.09,5.0,113.9,0.06,0.0,0.07,0.0,7.01
537,10-1994,56.92,56.4,117.35,4.7,89.1,46.8,45.9,149.38,0.0,82.9,68.36,68.0,123.47,7.0,102.9,0.06,0.0,0.1,0.0,12.2
538,11-1994,47.0,46.8,191.34,-16.8,82.5,38.13,37.9,210.66,-27.0,79.9,57.37,57.0,208.86,-5.6,99.9,0.06,0.0,0.06,0.0,6.02
539,12-1994,39.34,39.1,195.68,-28.1,81.0,31.35,30.9,217.16,-33.5,79.0,48.79,48.9,214.78,-22.5,90.0,0.05,0.0,0.04,0.0,5.91
540,1-1995,35.7,35.4,252.78,-37.2,78.5,27.94,28.9,274.32,-41.8,74.8,44.55,43.9,273.68,-25.4,90.9,0.05,0.0,0.15,0.0,18.28
541,2-1995,37.95,38.7,300.38,-32.1,82.8,28.32,28.9,302.7,-38.9,79.0,48.95,50.0,347.19,-28.1,95.0,0.03,0.0,0.1,0.0,15.0
542,3-1995,46.22,46.9,243.29,-35.6,82.3,36.46,36.9,242.84,-49.0,77.0,56.72,57.9,275.44,-21.6,99.0,0.05,0.0,0.15,0.0,12.09
543,4-1995,52.37,51.9,172.34,-24.0,93.2,41.71,41.0,171.49,-36.4,81.9,63.84,63.9,199.5,-8.9,104.0,0.05,0.0,0.14,0.0,14.02
544,5-1995,61.69,60.4,117.56,7.0,95.8,51.48,50.9,129.95,1.9,86.0,72.3,72.0,130.74,9.9,110.8,0.07,0.0,0.25,0.0,17.87
545,6-1995,70.32,71.3,95.84,4.7,106.9,59.37,61.0,103.99,0.9,97.0,81.44,82.9,103.58,5.0,117.9,0.06,0.0,0.1,0.0,12.91
546,7-1995,75.44,76.3,88.5,1.2,109.6,64.17,64.9,97.1,-0.0,102.9,86.97,88.0,95.15,2.8,126.0,0.05,0.0,0.08,0.0,12.13
547,8-1995,75.61,76.7,86.64,5.0,109.3,65.02,66.9,104.58,1.9,101.8,87.26,88.0,84.77,7.0,118.9,0.05,0.0,0.09,0.0,12.11
548,9-1995,66.13,66.8,139.29,3.0,106.5,55.23,55.9,154.7,0.9,99.0,78.3,79.0,145.22,5.0,115.0,0.04,0.0,0.05,0.0,10.08
549,10-1995,57.29,57.4,145.96,-21.9,89.7,46.39,45.9,160.31,-25.1,82.9,69.55,70.9,171.97,-20.0,106.0,0.05,0.0,0.08,0.0,12.01
550,11-1995,43.55,43.1,214.39,-25.1,85.2,34.05,32.9,211.72,-26.1,81.9,54.53,54.9,262.87,-23.1,95.9,0.04,0.0,0.05,0.0,8.66
551,12-1995,35.29,33.6,263.87,-31.4,78.7,26.95,25.9,266.68,-38.9,75.9,44.68,43.0,309.45,-27.0,97.9,0.03,0.0,0.04,0.0,8.9
552,1-1996,31.82,33.0,360.3,-40.0,81.2,22.45,23.9,365.51,-50.1,79.0,42.64,43.0,397.81,-32.8,90.9,0.05,0.0,0.04,0.0,6.85
553,2-1996,36.86,38.5,405.89,-37.8,86.0,27.36,29.8,409.12,-51.2,73.9,48.04,48.9,449.6,-28.1,102.9,0.03,0.0,0.03,0.0,5.04
554,3-1996,40.82,41.4,263.62,-21.9,85.4,30.42,30.9,268.25,-35.1,77.0,52.7,54.0,294.3,-11.9,99.0,0.04,0.0,0.04,0.0,7.01
555,4-1996,52.66,52.7,179.74,3.4,90.0,41.46,41.0,167.35,-5.1,82.9,65.07,66.0,225.06,5.0,108.0,0.04,0.0,0.04,0.0,10.0
556,5-1996,62.58,61.55,167.68,4.2,101.6,52.09,50.9,164.53,0.9,91.9,73.66,73.0,193.85,5.9,113.0,0.04,0.0,0.04,0.0,11.1
557,6-1996,71.24,71.6,98.17,2.4,108.6,60.24,61.0,106.49,0.9,97.9,82.53,83.8,108.18,3.9,118.9,0.05,0.0,0.06,0.0,10.0
558,7-1996,74.89,74.5,73.94,37.1,108.2,64.8,64.4,83.81,21.2,96.8,85.05,84.2,91.07,41.0,122.0,0.08,0.0,0.1,0.0,8.2
559,8-1996,73.73,73.6,57.21,39.8,106.2,63.53,64.4,76.92,28.4,98.6,84.48,84.2,69.02,42.8,118.4,0.06,0.0,0.06,0.0,7.75
560,9-1996,65.94,66.3,102.9,23.5,103.0,56.5,57.0,123.29,8.6,100.4,76.2,77.0,114.74,28.2,111.2,0.08,0.0,0.1,0.0,9.45
561,10-1996,56.41,56.8,142.56,-2.3,89.9,46.7,46.4,154.57,-8.5,86.0,67.32,68.0,165.06,10.9,109.4,0.06,0.0,0.09,0.0,8.11
562,11-1996,42.54,41.3,239.89,-18.9,86.3,34.92,33.8,230.48,-27.4,82.4,51.31,51.8,286.18,-10.3,100.4,0.06,0.0,0.06,0.0,6.66
563,12-1996,37.7,38.1,294.19,-28.1,81.5,30.24,32.0,294.71,-34.6,78.8,46.26,46.4,335.08,-22.9,91.4,0.07,0.0,0.06,0.0,5.78
564,1-1997,33.17,33.6,372.64,-32.9,78.5,25.54,26.6,386.43,-41.8,75.9,42.18,42.8,392.67,-20.9,93.2,0.05,0.0,0.04,0.0,5.19
565,2-1997,38.99,38.0,238.13,-16.2,85.1,31.06,30.2,249.07,-32.8,80.6,47.92,46.4,271.99,-1.7,90.0,0.05,0.0,0.05,0.0,4.45
566,3-1997,46.67,46.7,247.21,-15.2,87.8,36.99,35.6,247.09,-27.4,78.8,57.56,59.0,292.15,-3.6,102.2,0.05,0.0,0.05,0.0,6.87
567,4-1997,51.29,51.6,164.31,-5.2,89.4,41.34,41.0,170.34,-11.0,82.4,61.87,62.6,181.31,6.8,102.2,0.06,0.0,0.06,0.0,7.52
568,5-1997,61.41,60.8,118.21,14.3,102.2,50.9,50.0,132.81,7.0,96.8,72.15,72.0,134.92,23.0,116.6,0.05,0.0,0.05,0.0,7.24
569,6-1997,70.63,70.7,73.17,31.9,103.6,60.51,60.8,87.64,24.8,100.4,80.81,82.0,84.56,41.2,113.0,0.07,0.0,0.07,0.0,8.63
570,7-1997,74.87,75.55,72.86,34.5,106.6,64.53,66.0,88.14,28.0,98.6,85.45,86.0,82.64,37.4,118.4,0.06,0.0,0.07,0.0,8.34
571,8-1997,72.98,72.7,71.27,16.3,106.0,63.07,62.6,81.64,32.0,100.4,83.52,84.2,85.93,37.4,129.2,0.06,0.0,0.06,0.0,13.52
572,9-1997,68.16,67.8,94.79,20.1,107.3,58.22,57.9,112.09,8.6,96.8,79.07,79.0,109.25,28.4,132.8,0.05,0.0,0.06,0.0,8.1
573,10-1997,56.37,55.7,171.69,-10.1,90.0,46.4,46.4,186.55,-18.9,87.8,67.52,68.0,192.53,1.8,116.6,0.05,0.0,0.06,0.0,6.24
574,11-1997,43.53,42.9,178.09,-7.2,89.6,35.51,35.1,185.46,-18.4,82.4,52.46,51.8,209.67,1.0,118.4,0.05,0.0,0.04,0.0,5.91
575,12-1997,37.06,35.5,153.32,-11.9,89.3,29.67,28.9,162.92,-29.9,82.4,45.4,43.0,187.75,-0.4,109.4,0.05,0.0,0.05,0.0,7.89
576,1-1998,37.71,37.3,243.45,-24.3,80.8,30.31,30.2,257.49,-34.6,78.8,46.22,46.4,270.28,-14.8,87.8,0.06,0.0,0.07,0.0,8.33
577,2-1998,41.42,40.5,134.84,-6.8,80.1,33.91,33.8,146.44,-20.2,77.0,50.01,50.0,155.29,3.6,89.6,0.08,0.0,0.09,0.0,5.9
578,3-1998,44.09,43.2,250.15,-13.3,89.1,35.4,34.0,242.21,-31.0,78.8,53.89,53.6,293.18,-2.2,102.4,0.07,0.0,0.07,0.0,11.48
579,4-1998,54.1,53.3,109.4,11.6,89.0,43.33,42.8,125.59,5.9,78.8,65.49,64.9,129.27,14.0,102.2,0.06,0.0,0.05,0.0,4.76
580,5-1998,65.48,64.6,104.68,28.4,94.8,54.53,53.6,119.83,19.0,93.2,76.89,77.0,121.35,31.3,109.4,0.06,0.0,0.04,0.0,6.59
581,6-1998,70.6,70.2,132.03,23.7,107.0,60.33,60.8,140.83,19.4,98.6,81.46,82.0,149.36,26.6,116.8,0.07,0.0,0.08,0.0,7.34
582,7-1998,76.17,76.0,69.54,39.3,109.8,65.44,66.0,82.94,30.2,100.9,87.37,87.8,86.58,42.8,123.1,0.06,0.0,0.07,0.0,5.73
583,8-1998,75.13,75.0,60.65,34.9,109.1,64.35,64.4,86.15,28.4,102.2,86.79,86.0,70.14,47.5,120.4,0.05,0.0,0.06,0.0,10.4
584,9-1998,70.32,71.2,89.65,24.1,104.0,59.28,60.1,120.44,21.2,100.4,82.51,82.9,97.36,27.0,111.9,0.06,0.0,0.13,0.0,11.0
585,10-1998,57.59,56.4,117.91,17.5,91.7,47.55,46.4,147.4,10.0,90.0,68.94,69.1,127.14,19.9,102.2,0.06,0.0,0.1,0.0,16.32
586,11-1998,47.67,46.8,143.74,-3.0,83.0,39.32,37.4,149.03,-11.9,81.0,57.35,57.2,179.06,7.5,95.0,0.06,0.0,0.07,0.0,7.86
587,12-1998,38.86,38.8,289.34,-28.1,85.6,30.03,30.2,299.89,-45.0,84.2,49.1,48.9,315.16,-14.8,93.2,0.05,0.0,0.04,0.0,5.09
588,1-1999,35.8,36.1,323.79,-21.7,78.5,26.88,28.4,323.94,-36.4,77.0,46.11,46.4,375.93,-14.8,91.9,0.08,0.0,0.07,0.0,6.49
589,2-1999,41.32,40.2,195.57,-10.1,81.6,31.9,31.9,201.47,-22.0,75.2,52.06,51.8,236.25,-2.2,93.9,0.05,0.0,0.03,0.0,5.08
590,3-1999,44.37,43.9,163.78,-10.5,81.2,33.99,33.1,161.93,-23.8,77.0,55.97,57.0,209.24,-5.8,99.0,0.05,0.0,0.04,0.0,4.73
591,4-1999,54.36,52.9,147.6,9.6,89.4,43.86,42.8,162.08,-2.9,82.4,66.1,66.0,170.09,15.8,104.0,0.07,0.0,0.05,0.0,6.91
592,5-1999,62.83,63.0,98.48,18.6,98.8,51.47,51.8,115.89,8.6,89.6,74.64,75.2,113.04,28.0,109.9,0.07,0.0,0.06,0.0,5.9
593,6-1999,70.37,71.5,89.8,14.7,107.6,59.9,60.8,115.3,17.6,105.8,81.56,82.9,95.47,28.4,114.8,0.08,0.0,0.09,0.0,10.35
594,7-1999,76.16,77.4,69.1,37.1,105.2,65.25,66.9,94.75,28.4,96.8,87.78,89.6,71.57,45.0,123.8,0.06,0.0,0.06,0.0,7.68
595,8-1999,73.92,73.3,76.88,33.5,105.6,62.82,62.6,90.29,25.0,100.4,86.0,86.0,90.09,39.2,117.7,0.06,0.0,0.06,0.0,10.48
596,9-1999,66.61,66.5,102.81,15.8,105.6,55.04,55.0,137.46,1.4,96.8,79.54,80.6,110.12,23.0,111.2,0.08,0.0,0.14,0.0,12.17
597,10-1999,56.73,56.0,132.04,10.0,90.0,44.68,43.0,162.13,3.2,87.8,70.3,71.1,146.9,15.8,107.8,0.05,0.0,0.07,0.0,7.87
598,11-1999,49.81,49.9,135.78,-6.5,86.9,38.74,37.9,147.6,-13.2,82.4,62.9,64.4,166.96,1.2,100.4,0.04,0.0,0.04,0.0,3.68
599,12-1999,38.4,38.0,198.79,-27.5,79.6,28.64,28.4,208.81,-33.7,73.4,49.59,50.0,228.63,-25.2,91.0,0.05,0.0,0.04,0.0,4.41
600,1-2000,34.78,34.0,288.66,-26.5,83.3,25.41,25.0,298.67,-32.8,75.2,45.65,44.6,322.65,-20.2,93.2,0.05,0.0,0.04,0.0,4.09
601,2-2000,41.33,40.9,225.34,-11.3,82.7,31.34,30.9,238.1,-27.9,78.8,52.88,53.6,264.53,-2.2,93.2,0.06,0.0,0.04,0.0,5.99
602,3-2000,48.43,47.5,159.68,-6.0,86.0,37.51,36.0,165.97,-18.4,78.8,60.77,60.8,185.74,-0.4,99.0,0.06,0.0,0.05,0.0,7.45
603,4-2000,54.2,54.2,131.49,4.9,89.7,42.55,42.1,133.46,-0.8,84.2,67.07,68.0,160.6,11.1,105.6,0.07,0.0,0.06,0.0,5.75
604,5-2000,65.19,64.7,119.97,22.8,104.5,53.62,53.6,136.76,14.0,96.1,77.41,78.1,133.16,28.4,114.3,0.07,0.0,0.07,0.0,7.61
605,6-2000,70.69,71.3,88.95,29.3,108.1,59.64,60.1,111.66,21.9,95.0,82.51,84.0,101.15,33.8,127.4,0.1,0.0,0.1,0.0,9.6
606,7-2000,74.31,73.9,73.31,36.3,107.4,62.89,63.0,86.55,15.8,98.6,86.12,86.0,89.65,39.2,129.2,0.07,0.0,0.07,0.0,5.88
607,8-2000,74.54,74.2,77.79,34.1,108.8,63.18,64.0,91.61,27.0,100.4,86.75,86.0,94.83,40.1,119.5,0.06,0.0,0.05,0.0,7.16
608,9-2000,66.91,67.1,133.74,22.5,103.6,55.3,55.0,162.96,12.2,91.4,80.04,80.6,147.25,28.4,127.9,0.08,0.0,0.11,0.0,9.23
609,10-2000,57.08,57.4,126.35,6.9,90.0,46.33,46.4,150.86,5.0,84.2,69.61,70.3,143.47,8.6,104.5,0.05,0.0,0.06,0.0,12.48
610,11-2000,41.69,41.5,203.37,-18.5,82.4,33.01,32.0,211.57,-40.0,78.8,51.58,51.8,233.56,-2.2,91.9,0.06,0.0,0.06,0.0,6.74
611,12-2000,29.87,29.8,289.29,-22.4,80.1,20.97,21.2,288.0,-34.6,77.0,39.87,39.0,340.08,-13.0,91.4,0.04,0.0,0.03,0.0,13.9
